,ID,Name,Age,Nationality,Club,PreferredFoot,InternationalReputation,WeakFoot,SkillMoves,Height,Weight,Crossing,Finishing,HeadingAccuracy,ShortPassing,Volleys,Dribbling,Curve,FKAccuracy,LongPassing,BallControl,Acceleration,SprintSpeed,Agility,Reactions,Balance,ShotPower,Jumping,Stamina,Strength,LongShots,Aggression,Interceptions,Positioning,Vision,Penalties,Composure,Marking,StandingTackle,SlidingTackle,GamesPlayed,GamesStarted,MinutesPlayed,Goals,Assists,ShotsOnGoal,Shots,YellowCard,RedCard,Potential,Overall,Value
0,768,Felipe,33,Brazil,SPAL,Left,2,3,2,6'2,165lbs,34,20,74,62,19,44,49,21,64,60,38,41,49,72,63,68,69,48,67,40,70,81,29,46,35,68,77,80,76,30,27,1688,3,2,9,14,13,0,75,75,€2.7M
1,9014,Arjen Robben,34,Netherlands,FC Bayern München,Left,4,2,4,5'11,176lbs,80,85,51,82,86,89,90,81,71,88,83,76,87,85,90,86,60,64,67,86,47,37,84,80,78,85,30,26,26,12,7,111,4,0,11,23,0,0,84,84,€15.5M
2,20801,Cristiano Ronaldo,33,Portugal,Juventus,Right,5,4,5,6'2,183lbs,84,94,89,81,87,88,81,76,77,94,89,91,87,96,70,95,95,88,79,93,63,29,95,82,85,95,28,31,23,31,30,1879,21,7,65,172,3,0,94,94,€77M
3,25420,Claudio Pizarro,39,Peru,SV Werder Bremen,Right,3,4,4,6'0,185lbs,62,78,76,75,73,76,76,65,74,78,38,34,65,77,54,75,64,50,78,70,68,33,81,78,81,86,36,33,24,26,3,483,5,2,9,26,1,0,74,74,€1.6M
4,45186,Joaquin,36,Spain,Real Betis,Right,2,3,4,5'10,165lbs,86,80,59,82,68,85,86,77,83,83,69,65,72,80,72,74,33,54,64,76,53,35,81,84,75,80,41,41,39,30,17,1383,6,0,12,22,5,0,81,81,€6M
5,50294,Souleymane Camara,35,Senegal,Montpellier HSC,Right,2,3,3,5'9,165lbs,72,68,70,70,74,67,55,54,63,72,50,50,68,63,79,75,71,34,60,73,65,51,70,67,70,68,58,51,46,12,0,95,3,0,7,8,0,0,68,68,€400K
6,134779,Jimmy Briand,32,France,FC Girondins de Bordeaux,Right,2,3,3,5'11,185lbs,71,79,77,77,75,75,67,66,68,69,66,71,77,74,66,77,82,69,77,70,69,42,79,78,69,76,42,46,40,35,28,2068,7,1,21,50,1,0,76,76,€6M
7,137506,Goran Pandev,34,FYR Macedonia,Genoa,Left,2,3,4,6'0,165lbs,69,73,70,74,78,83,80,69,65,83,65,52,63,73,72,76,72,44,62,74,52,39,79,71,68,72,23,40,35,26,12,784,4,2,11,28,6,0,75,75,€3.5M
8,138110,Bruno Alves,36,Portugal,Parma,Right,2,3,3,6'2,179lbs,65,60,74,62,58,64,75,78,71,63,46,38,66,63,61,81,88,64,88,76,88,63,50,56,73,78,61,71,65,33,33,2114,4,1,6,17,8,0,71,71,€325K
9,138412,James Milner,32,England,Liverpool,Right,2,4,3,5'9,154lbs,86,62,66,84,76,76,81,75,81,79,63,62,69,84,73,82,62,91,71,70,82,79,72,79,83,86,74,80,79,31,19,1122,5,4,7,24,5,0,81,81,€13.5M
10,143076,Papu Gomez,30,Argentina,Atalanta,Right,3,4,4,5'5,150lbs,82,76,38,82,72,89,79,79,74,87,94,86,92,83,94,76,70,75,48,79,56,40,81,85,72,84,50,30,34,35,34,2249,7,12,39,108,5,0,84,84,€30M
11,146562,Santi Cazorla,33,Spain,Villarreal CF,Right,3,5,5,5'6,146lbs,85,71,58,85,72,84,86,78,84,86,58,52,72,76,84,77,53,53,54,76,64,61,76,86,80,88,62,60,50,35,30,2224,4,10,10,31,2,0,80,80,€8.5M
12,149571,Sergio Pellissier,39,Italy,Chievo Verona,Right,2,4,3,5'9,168lbs,64,78,60,68,75,68,74,60,44,79,34,45,55,75,77,82,66,43,53,78,43,24,82,69,76,80,34,27,23,19,12,863,4,1,11,22,1,0,72,72,€900K
13,150418,Mario Gomez,32,Germany,VfB Stuttgart,Right,3,4,3,6'2,196lbs,60,81,82,70,73,72,68,36,50,71,63,66,62,80,50,82,76,60,86,74,73,20,83,62,69,83,40,31,20,33,25,1586,8,2,23,54,3,0,80,80,€12M
14,152729,Gerard Pique,31,Spain,FC Barcelona,Right,4,3,2,6'4,187lbs,57,64,83,81,57,59,58,43,80,78,49,60,58,84,36,62,74,65,83,51,72,88,58,62,69,86,91,86,84,35,35,2340,4,2,9,19,6,0,87,87,€34M
15,152879,Mark Noble,31,England,West Ham United,Right,2,3,3,5'10,168lbs,71,60,62,77,68,74,71,67,79,76,42,45,62,73,72,74,57,78,70,68,85,73,64,78,88,77,71,74,76,31,29,1740,5,5,8,17,6,1,76,76,€6.5M
16,153079,Sergio Aguero,30,Argentina,Manchester City,Right,4,4,4,5'8,154lbs,70,93,77,81,85,89,82,73,64,89,88,80,86,90,91,88,81,76,73,83,65,24,92,83,83,90,30,20,12,33,31,1833,21,8,43,121,4,0,89,89,€64.5M
17,154472,Jorge Molina,36,Spain,Getafe CF,Right,1,4,3,6'2,159lbs,49,79,82,75,79,68,55,59,57,77,34,41,33,79,32,83,42,64,90,75,76,41,82,69,80,73,45,32,19,38,28,2088,14,5,24,55,2,0,77,77,€3.2M
18,155862,Sergio Ramos,32,Spain,Real Madrid,Right,4,3,3,6'0,181lbs,66,60,91,78,66,63,74,72,77,84,76,75,78,85,66,79,93,84,83,59,88,90,60,63,75,82,87,92,91,28,28,1665,6,1,12,29,5,0,91,91,€51M
19,156616,Franck Ribery,35,France,FC Bayern München,Right,4,4,5,5'7,159lbs,80,74,41,83,79,84,83,81,74,87,78,78,84,83,90,75,34,58,60,71,51,33,77,84,78,85,31,25,26,25,10,757,6,3,12,23,3,0,83,83,€11.5M
20,157301,Ryan Babel,31,Netherlands,Beşiktaş JK,Right,3,3,4,6'1,187lbs,72,77,71,71,67,82,77,50,66,79,83,82,77,71,74,85,82,84,78,82,58,34,77,74,70,75,39,28,21,16,15,1262,5,3,9,24,3,0,79,79,€11M
21,158023,Lionel Messi,31,Argentina,FC Barcelona,Left,5,4,4,5'7,159lbs,84,95,70,90,86,97,93,94,87,96,91,86,91,95,95,85,68,72,59,94,48,22,94,94,75,96,33,28,26,34,29,2019,36,13,89,171,3,0,94,94,€110.5M
22,158232,Salomon Kalou,32,Ivory Coast,Hertha BSC,Right,3,3,4,6'0,170lbs,67,82,77,79,78,87,78,62,68,86,67,65,76,82,76,76,76,64,67,67,35,32,83,78,85,81,50,38,27,30,27,1710,8,2,17,45,0,0,79,79,€10M
23,158626,Mathieu Debuchy,32,France,AS Saint-Étienne,Right,3,3,3,5'9,168lbs,77,62,74,75,62,74,74,61,73,75,74,73,74,78,73,74,81,74,72,68,79,76,63,64,66,75,78,78,78,24,23,1539,4,3,11,13,4,0,78,78,€5.5M
24,159261,Fabio Quagliarella,35,Italy,Sampdoria,Right,2,4,4,5'11,174lbs,66,84,68,76,87,76,78,78,73,81,73,67,71,81,75,87,69,66,76,89,44,26,84,77,84,81,35,21,15,37,37,2472,26,8,61,143,1,0,81,81,€8M
25,161648,Hatem Ben Arfa,31,France,Stade Rennais FC,Left,3,4,5,5'10,163lbs,70,70,46,78,72,88,76,73,74,80,77,69,82,70,79,78,74,51,65,75,61,36,72,78,84,77,31,27,21,26,23,1678,7,2,16,54,1,0,79,79,€11M
26,162369,Vedad Ibisevic,33,Bosnia Herzegovina,Hertha BSC,Right,2,3,3,6'2,181lbs,65,80,79,77,84,72,73,56,47,76,41,44,60,83,59,81,71,51,77,66,83,30,82,71,83,79,59,29,22,28,24,1242,10,2,20,48,5,1,77,77,€5.5M
27,164029,Charles,34,Brazil,SD Eibar,Right,1,3,4,5'10,165lbs,51,80,79,69,84,79,78,53,52,82,64,59,86,80,69,83,93,63,71,78,66,18,83,55,70,78,35,35,27,34,17,1416,14,1,30,61,4,0,79,79,€6.5M
28,164859,Theo Walcott,29,England,Everton,Right,3,3,3,5'9,150lbs,72,74,58,72,71,81,76,74,61,78,89,89,79,77,77,76,65,69,56,65,65,35,77,72,74,76,37,39,36,37,24,1389,5,2,21,43,1,0,79,79,€12.5M
29,165153,Karim Benzema,30,France,Real Madrid,Right,4,4,4,6'1,179lbs,75,81,80,83,82,83,79,73,62,86,76,76,76,83,66,81,73,75,80,75,65,22,86,85,82,79,47,15,12,36,35,2319,21,6,45,102,1,0,85,85,€37M
30,167397,Radamel Falcao,32,Colombia,AS Monaco,Right,3,4,3,5'10,159lbs,55,86,89,79,84,75,83,73,58,82,69,66,76,85,75,79,91,68,75,80,75,41,88,70,81,87,39,42,19,33,29,1874,15,2,40,89,10,0,84,84,€25M
31,167452,Oliver Fink,36,Germany,Fortuna Düsseldorf,Right,1,4,2,6'2,172lbs,59,54,73,71,59,64,63,59,67,71,50,41,55,73,54,65,75,86,75,62,69,66,66,70,58,75,64,68,81,18,13,1058,3,0,3,11,4,0,71,71,€750K
32,167664,Gonzalo Higuain,30,Argentina,Milan,Right,4,4,3,6'1,196lbs,68,92,80,75,90,84,74,62,59,85,73,73,75,86,69,86,79,70,85,80,50,20,92,74,70,86,35,22,18,14,13,1092,5,0,15,47,0,0,88,88,€57M
33,168542,David Silva,32,Spain,Manchester City,Left,4,2,4,5'8,148lbs,84,76,54,93,82,89,82,77,87,94,70,64,92,90,90,72,64,78,52,75,57,50,89,92,75,93,59,53,29,33,28,1823,6,8,19,52,2,0,90,90,€60M
34,169216,Shane Long,31,Republic of Ireland,Southampton,Right,2,2,3,5'10,154lbs,70,70,74,62,68,70,54,37,49,69,79,78,68,74,72,76,94,67,68,65,80,42,75,63,72,68,31,27,24,26,12,910,5,1,9,31,3,0,73,73,€3.6M
35,169386,Sergio Floccari,36,Italy,SPAL,Right,2,3,3,5'11,174lbs,56,80,75,68,66,71,66,60,48,73,64,65,67,68,70,75,83,54,71,68,48,20,77,60,72,76,25,20,16,20,11,973,3,1,8,24,3,0,74,74,€2M
36,170368,Erik Lamela,26,Argentina,Tottenham Hotspur,Left,2,2,4,6'0,176lbs,78,74,69,83,77,86,83,80,73,84,76,74,75,78,74,81,63,78,68,82,84,45,79,83,75,78,48,51,42,19,9,809,4,2,12,30,2,0,82,81,€21M
37,170733,Gervinho,31,Ivory Coast,Parma,Right,3,3,3,5'10,146lbs,75,72,63,73,70,80,69,43,67,78,91,90,88,76,76,69,62,78,55,64,51,39,78,74,63,68,35,29,15,30,27,2007,11,2,20,45,3,0,78,78,€9M
38,171579,Raul Garcia,31,Spain,Athletic Club de Bilbao,Right,2,3,4,6'0,185lbs,78,79,90,79,55,78,72,68,80,85,47,57,66,86,64,85,76,74,82,86,84,69,85,83,76,83,69,74,63,33,27,1811,9,3,34,73,13,0,80,80,€13M
39,172425,Sol Bamba,33,Ivory Coast,Cardiff City,Right,1,3,2,6'3,190lbs,27,27,76,59,16,58,34,16,53,57,53,55,32,65,32,51,65,52,89,15,82,79,24,38,19,64,72,75,74,28,28,1755,4,1,7,22,7,0,75,75,€2.7M
40,172937,Glenn Murray,34,England,Brighton & Hove Albion,Right,1,3,2,6'0,176lbs,48,83,85,69,74,65,57,33,55,74,34,34,52,84,71,78,84,55,77,64,79,45,88,70,80,81,44,29,23,38,30,1850,13,1,23,54,5,0,77,77,€4.7M
41,173155,Antonino Barilla,30,Italy,Parma,Left,1,3,2,5'11,172lbs,68,58,61,69,65,60,65,67,62,67,78,89,83,66,85,76,67,87,76,71,70,62,60,63,55,69,58,61,61,31,30,1824,3,2,8,20,10,0,67,67,€700K
42,173306,Cristian Ansaldi,31,Argentina,Torino,Left,2,5,4,5'11,168lbs,78,57,63,77,51,80,77,45,76,79,75,76,79,79,66,60,70,78,67,66,78,75,65,73,52,81,71,79,80,24,23,1795,3,2,8,36,3,0,78,78,€7M
43,173731,Gareth Bale,28,Wales,Real Madrid,Left,4,3,4,6'1,181lbs,87,86,84,85,85,87,90,87,80,85,94,95,82,85,65,92,87,75,80,91,65,59,85,79,76,86,54,55,52,29,21,1208,8,3,35,77,4,0,88,88,€60M
44,173909,Prince Boateng,31,Ghana,Sassuolo,Right,3,4,4,6'1,190lbs,75,78,74,82,83,79,81,71,78,84,67,65,77,79,68,84,76,68,78,78,83,71,79,78,67,82,59,78,74,13,11,365,4,1,12,29,1,0,81,81,€15M
45,175254,Felipe Caicedo,29,Ecuador,Lazio,Left,2,3,3,6'0,181lbs,59,72,75,72,75,72,66,68,59,77,69,71,61,78,67,84,75,54,90,68,80,43,82,61,73,70,32,44,47,28,17,1192,8,2,15,37,4,0,77,77,€9M
46,175943,Dries Mertens,31,Belgium,Napoli,Right,3,4,4,5'7,134lbs,77,86,35,82,70,91,82,79,74,89,93,85,94,88,92,80,60,75,42,81,59,36,87,83,79,81,25,40,40,35,23,1757,16,10,39,89,1,0,87,87,€45M
47,176580,Luis Suarez,31,Uruguay,FC Barcelona,Right,5,4,3,6'0,190lbs,77,93,77,82,88,87,86,84,64,90,86,75,82,92,83,86,69,90,83,85,87,41,92,84,85,85,62,45,38,33,31,2089,21,6,57,109,5,0,91,91,€80M
48,176600,Kevin Gameiro,31,France,Valencia CF,Right,3,3,3,5'8,154lbs,70,78,67,79,78,75,76,70,72,79,86,85,81,80,77,82,85,75,64,73,66,38,85,75,81,82,50,33,39,33,16,1085,6,1,17,35,1,0,80,80,€13.5M
49,176635,Mesut Ozil,29,Germany,Arsenal,Left,4,2,4,5'11,168lbs,83,73,54,89,80,84,84,77,82,90,72,69,79,84,70,70,48,69,57,75,48,24,83,91,67,82,24,16,19,24,20,1149,5,2,7,11,2,0,86,86,€43.5M
50,177388,Dimitri Payet,31,France,Olympique de Marseille,Right,3,4,4,5'9,170lbs,87,78,59,84,77,86,90,84,80,90,75,72,79,75,80,80,48,73,72,82,57,37,79,87,74,82,32,36,39,31,23,1149,4,6,14,39,3,0,84,84,€27.5M
51,177413,Axel Witsel,29,Belgium,Borussia Dortmund,Right,3,4,4,6'2,179lbs,69,71,80,89,77,78,69,68,79,84,67,74,78,84,60,78,76,86,82,74,82,80,75,79,81,89,80,79,85,33,32,2250,4,1,12,36,2,0,84,84,€24M
52,177569,Jonathan de Guzman,30,Netherlands,Eintracht Frankfurt,Right,2,4,3,5'9,163lbs,79,68,52,79,69,78,79,78,77,81,75,69,79,74,85,84,78,77,64,79,61,61,69,77,69,70,50,54,50,28,17,1134,3,6,8,22,4,0,76,76,€7M
53,177633,Angel Rodriguez,31,Spain,Getafe CF,Right,1,3,3,5'8,150lbs,56,79,74,73,78,80,49,50,49,81,74,74,79,80,76,81,76,66,64,80,62,26,79,62,69,70,42,23,20,37,20,1239,8,3,22,66,4,0,79,79,€11.5M
54,177666,Martin Harnik,31,Austria,SV Werder Bremen,Right,2,4,3,6'1,176lbs,68,76,77,72,76,74,73,52,69,71,75,76,69,76,64,78,90,79,77,69,72,39,78,68,72,75,54,32,42,18,10,585,4,1,17,28,2,0,77,77,€8M
55,178051,Lucas Deaux,29,France,En Avant de Guingamp,Right,2,2,2,6'2,181lbs,59,51,68,76,32,65,52,41,74,71,51,63,58,69,52,66,67,87,80,54,80,71,65,69,48,70,72,76,73,18,17,794,3,1,8,17,4,0,75,75,€5M
56,178085,Esteban Granero,30,Spain,RCD Espanyol,Right,2,4,4,5'11,172lbs,78,73,59,81,58,77,80,76,80,80,55,50,68,77,67,77,53,55,68,77,72,74,71,78,73,71,58,76,62,28,24,1454,3,1,7,30,11,0,78,78,€9.5M
57,178091,Stefano Okaka,28,Italy,Watford,Right,2,3,2,6'1,198lbs,50,70,77,70,66,69,58,48,29,77,56,71,54,70,45,81,74,65,93,67,73,21,70,62,66,71,29,25,20,16,11,973,6,1,8,16,4,0,74,74,€6M
58,178224,Javier Hernandez,30,Mexico,West Ham United,Right,3,3,3,5'9,161lbs,64,84,79,65,74,73,67,52,56,77,77,69,75,82,79,75,83,66,53,66,59,26,86,70,74,79,21,29,25,25,14,1164,7,2,16,35,2,0,79,79,€12M
59,178475,Daniel Ciofani,32,Italy,Frosinone,Right,2,3,2,6'3,181lbs,26,75,78,57,61,53,29,48,23,68,55,69,34,74,39,76,89,56,83,70,66,29,79,42,65,74,22,14,12,32,17,1383,5,2,19,48,1,0,73,73,€3.2M
60,178518,Radja Nainggolan,30,Belgium,Inter,Right,3,3,3,5'9,170lbs,73,75,59,84,75,80,73,68,81,85,78,73,76,87,82,84,76,93,77,86,88,86,86,76,63,84,83,86,90,29,22,1424,6,3,19,67,3,0,85,85,€35.5M
61,178562,Ever Banega,30,Argentina,Sevilla FC,Right,3,4,4,5'9,157lbs,80,66,49,88,65,84,83,81,87,86,68,64,79,77,83,74,57,74,67,78,73,76,75,88,78,80,75,69,64,32,32,1943,3,4,10,32,15,1,84,84,€29M
62,179516,Rouwen Hennings,30,Germany,Fortuna Düsseldorf,Left,1,3,3,5'11,176lbs,61,73,67,64,68,66,68,66,56,69,66,69,63,73,68,82,74,85,78,73,78,36,72,59,70,69,38,35,34,29,19,1402,7,4,25,55,3,0,73,73,€3.9M
63,179813,Edinson Cavani,31,Uruguay,Paris Saint-Germain,Right,4,4,3,6'1,170lbs,70,89,89,78,90,80,77,76,52,82,75,76,77,91,59,87,88,92,78,79,84,48,93,77,85,82,52,45,39,21,20,1112,18,4,22,49,1,0,89,89,€60M
64,179847,Federico Fazio,31,Argentina,Roma,Right,3,2,2,6'5,187lbs,44,41,89,64,35,48,46,37,62,72,36,43,29,84,32,63,41,74,91,26,84,85,32,47,26,86,85,85,78,34,31,2110,5,0,16,31,6,0,82,82,€15M
65,180706,Craig Cathcart,29,Northern Ireland,Watford,Right,1,3,2,6'3,183lbs,39,29,76,71,30,47,39,39,62,59,40,47,59,70,56,56,67,59,77,41,72,73,27,47,28,70,75,79,76,36,35,2290,3,0,5,11,2,0,75,75,€5M
66,180930,Edin Dzeko,32,Bosnia Herzegovina,Roma,Right,3,5,2,6'4,185lbs,63,89,84,77,77,76,65,54,72,84,65,66,57,83,36,86,66,76,80,79,51,50,89,74,67,83,58,28,16,33,28,1854,9,6,51,130,9,0,85,85,€30.5M
67,181458,Ivan Perisic,29,Croatia,Inter,Right,3,5,4,6'1,176lbs,83,79,80,81,81,84,73,75,77,85,84,88,78,81,74,84,84,89,78,79,65,69,85,79,76,80,64,52,54,34,30,2093,8,4,30,97,5,0,85,85,€37.5M
68,181783,Mario Mandzukic,32,Croatia,Juventus,Right,3,3,3,6'3,187lbs,72,84,90,75,86,76,64,49,67,77,67,73,67,86,53,80,85,83,85,60,88,66,90,74,76,80,59,64,64,25,23,1411,9,6,18,32,4,0,84,84,€25M
69,182493,Diego Godin,32,Uruguay,Atlético Madrid,Right,3,3,2,6'2,172lbs,55,42,92,79,47,53,49,51,70,76,68,68,58,85,54,67,91,66,88,43,89,88,48,52,50,82,90,89,89,30,28,1845,3,1,7,15,7,0,90,90,€44M
70,182744,Jose Holebas,34,Greece,Watford,Left,2,2,3,6'1,179lbs,83,57,74,76,50,73,69,71,69,77,74,76,71,74,73,82,73,79,73,72,89,71,62,64,57,72,75,80,77,28,27,1679,3,6,6,18,12,1,78,78,€2.9M
71,182945,Max Gradel,30,Ivory Coast,Toulouse Football Club,Right,2,3,4,5'10,154lbs,71,78,66,74,69,82,67,73,66,81,85,84,83,75,70,74,66,71,59,78,59,51,76,74,75,78,31,40,35,36,36,2340,11,5,39,116,6,0,78,78,€10M
72,183068,Claudio Beauvue,30,France,Stade Malherbe Caen,Right,1,3,3,5'9,146lbs,72,74,87,75,84,75,59,71,61,76,69,66,79,63,74,82,78,39,62,69,54,43,70,64,70,61,25,45,21,25,16,972,3,0,15,38,1,0,75,75,€6.5M
73,183129,Ciaran Clark,28,Republic of Ireland,Newcastle United,Left,2,2,2,6'1,194lbs,39,43,79,61,55,50,50,36,60,58,52,59,54,68,50,71,71,63,76,54,82,75,47,51,55,68,75,77,79,11,9,372,3,0,3,7,1,0,77,76,€7M
74,183277,Eden Hazard,27,Belgium,Chelsea,Right,4,4,4,5'8,163lbs,81,84,61,89,80,95,83,79,83,94,94,88,95,90,94,82,56,83,66,80,54,41,87,89,86,91,34,27,22,37,32,2259,16,15,43,93,2,0,91,91,€93M
75,183491,Mathias Jorgensen,28,Denmark,Huddersfield Town,Right,1,2,2,6'3,187lbs,47,34,77,70,40,46,30,26,62,63,62,68,59,71,55,61,74,66,82,30,85,75,46,65,27,71,76,78,74,24,24,1440,3,1,4,9,6,0,79,77,€8.5M
76,183498,Marco Parolo,33,Italy,Lazio,Right,2,4,3,6'0,165lbs,70,70,75,80,76,75,67,55,83,79,68,69,67,82,71,87,77,88,77,86,80,80,82,78,45,78,78,80,82,34,28,1818,4,3,18,59,7,0,82,82,€9M
77,183518,Jose Fonte,28,Portugal,LOSC Lille,Right,2,3,3,5'11,161lbs,61,72,70,73,73,66,73,63,68,74,66,64,71,74,66,67,75,69,61,61,59,40,78,69,71,77,46,37,28,36,36,2355,3,1,11,30,5,1,72,72,€3.2M
78,183526,Nabil El Zhar,31,Morocco,CD Leganés,Right,1,3,4,5'7,146lbs,78,74,49,77,59,81,75,58,64,76,76,68,83,73,76,81,62,67,60,71,58,37,72,74,72,65,34,38,36,27,9,330,4,0,9,25,0,0,76,76,€7M
79,183569,Maxim Choupo Moting,29,Cameroon,Paris Saint-Germain,Right,2,4,4,6'3,201lbs,65,75,74,74,75,83,74,44,70,80,76,78,76,74,66,77,67,76,76,64,55,40,77,70,68,75,31,36,20,22,8,761,3,0,6,23,0,0,77,77,€9M
80,183574,Max Kruse,30,Germany,SV Werder Bremen,Left,2,4,4,5'11,168lbs,81,83,63,84,80,82,80,69,80,85,69,67,74,85,76,81,65,71,72,79,63,41,85,83,90,86,57,38,34,32,32,2157,11,9,41,90,0,0,82,82,€21.5M
81,183580,Nils Petersen,29,Germany,SC Freiburg,Right,2,4,3,6'2,185lbs,58,84,82,65,83,64,57,45,49,70,57,62,64,84,57,79,66,81,76,65,60,39,85,61,76,82,46,44,21,24,20,1436,10,3,24,47,0,0,79,79,€12.5M
82,183820,Matthieu Dossevi,30,Togo,Toulouse Football Club,Right,1,3,3,5'8,143lbs,82,62,54,78,62,78,69,71,70,77,80,80,76,72,76,71,76,71,58,71,45,32,75,76,68,68,41,30,25,35,30,1769,4,2,10,23,0,0,77,77,€8.5M
83,183871,Nicolai Muller,30,Germany,Eintracht Frankfurt,Right,2,3,3,5'8,146lbs,75,75,56,71,80,83,65,61,66,75,84,78,85,74,83,71,78,73,57,63,71,48,75,69,73,77,36,49,37,21,14,207,5,0,10,23,2,0,77,77,€8.5M
84,183898,Angel Di Maria,30,Argentina,Paris Saint-Germain,Left,4,2,5,5'11,152lbs,83,72,51,82,77,86,84,82,79,85,85,84,92,80,77,83,72,73,60,77,73,38,82,82,73,82,35,59,56,30,28,1592,12,10,30,95,2,0,84,84,€29.5M
85,183900,Diego Perotti,29,Argentina,Roma,Right,3,4,4,5'10,154lbs,79,66,57,81,60,88,72,64,69,88,86,76,83,80,78,73,64,73,60,71,51,36,78,84,90,81,58,31,22,13,6,575,5,0,9,16,3,0,81,81,€17.5M
86,184200,Marko Arnautovic,29,Austria,West Ham United,Right,3,4,4,6'4,183lbs,80,78,74,78,79,84,79,72,74,85,79,83,70,78,66,84,67,78,84,75,84,44,83,77,77,81,43,48,39,28,24,1368,10,4,31,61,3,0,82,82,€22M
87,184344,Leonardo Bonucci,31,Italy,Juventus,Right,3,3,2,6'3,187lbs,44,48,86,77,58,69,56,61,85,75,57,65,60,84,52,74,85,71,83,65,82,90,38,74,70,86,90,86,80,29,27,1751,3,0,4,14,2,0,86,86,€30M
88,184484,Gylfi Sigurdsson,28,Iceland,Everton,Right,3,5,3,6'1,181lbs,86,77,60,84,75,80,87,86,80,85,58,55,68,78,63,83,68,86,68,86,57,55,79,86,79,84,57,57,55,38,36,2385,13,6,32,84,3,0,82,82,€22.5M
89,184789,Adam Szalai,30,Hungary,TSG 1899 Hoffenheim,Right,2,3,3,6'4,198lbs,49,80,84,72,68,69,58,42,48,75,45,46,63,76,59,82,64,65,87,64,74,41,78,65,76,75,31,41,13,30,15,1041,6,3,19,58,3,0,76,76,€7.5M
90,185020,Jose Callejon,31,Spain,Napoli,Right,3,3,3,5'10,161lbs,82,78,65,80,84,82,73,65,51,85,88,89,85,82,80,78,73,91,55,80,54,40,88,78,62,79,64,32,32,34,29,2111,3,11,17,60,1,0,84,84,€27.5M
91,185103,Aleksandar Kolarov,32,Serbia,Roma,Left,2,3,3,6'2,183lbs,91,55,80,77,64,79,85,86,77,76,73,70,63,84,58,91,80,84,77,83,85,81,75,77,74,88,81,82,81,33,32,2340,8,1,17,44,6,0,82,82,€12.5M
92,185174,Andrea Poli,28,Italy,Bologna,Right,2,3,4,6'0,170lbs,68,54,60,80,69,79,72,68,74,80,73,75,75,76,75,72,68,76,65,72,70,74,74,78,68,74,76,72,72,30,23,1562,4,1,11,32,5,0,77,77,€9M
93,186330,Theo Gebre Selassie,31,Czech Republic,SV Werder Bremen,Right,2,2,3,5'11,157lbs,75,49,80,76,49,76,52,58,69,77,75,75,73,73,67,62,89,81,67,39,70,81,66,61,51,71,74,74,68,32,32,2094,3,2,12,26,2,0,76,76,€5M
94,186537,Cristhian Stuani,31,Uruguay,Girona FC,Right,1,3,4,6'1,159lbs,68,80,87,74,74,78,66,57,65,79,70,69,65,81,62,79,83,81,78,75,81,36,82,69,80,77,45,49,42,32,30,2060,19,0,42,77,9,0,80,80,€13.5M
95,186561,Aaron Ramsey,27,Wales,Arsenal,Right,3,3,3,6'0,168lbs,75,74,58,84,79,81,70,66,80,82,64,69,73,81,74,81,66,89,67,74,73,69,84,79,75,81,66,70,67,28,14,816,4,6,14,35,0,0,83,82,€25M
96,186627,Mario Balotelli,27,Italy,OGC Nice,Right,4,4,4,6'2,194lbs,68,85,67,78,78,81,78,78,66,85,76,82,71,68,50,89,74,66,86,79,70,30,79,74,92,81,10,22,20,25,21,-,8,1,27,75,5,0,83,83,€27.5M
97,186905,Ashley Barnes,28,Austria,Burnley,Right,1,4,3,6'1,185lbs,66,77,78,70,72,74,60,56,63,77,64,60,68,76,71,81,82,77,78,67,87,41,79,70,77,78,43,46,39,37,26,2161,12,2,30,64,8,0,76,76,€8M
98,186942,Ilkay Gundogan,27,Germany,Manchester City,Right,3,4,4,5'11,176lbs,74,73,50,88,75,85,81,74,83,86,67,68,78,85,78,77,61,69,72,73,70,77,79,86,76,87,73,68,64,31,23,1781,6,3,11,43,3,0,84,84,€32M
99,188103,Ruben Rochina,27,Spain,Levante UD,Left,1,2,4,6'0,168lbs,69,72,54,77,68,80,76,72,71,78,74,72,69,70,68,78,67,69,73,80,65,50,73,76,69,69,53,54,44,27,23,1546,4,5,13,46,9,0,75,75,€7M
100,188350,Marco Reus,29,Germany,Borussia Dortmund,Right,4,4,4,5'11,157lbs,79,87,49,86,90,87,89,84,75,86,86,85,86,87,81,88,70,73,67,86,49,50,88,86,89,84,47,36,45,27,27,1640,17,8,39,70,3,1,86,86,€43.5M
101,188545,Robert Lewandowski,29,Poland,FC Bayern München,Right,4,4,4,6'0,176lbs,62,91,85,83,89,85,77,86,65,89,77,78,78,90,78,88,84,78,84,84,80,39,91,77,88,86,34,42,19,33,33,2340,22,7,53,139,2,0,90,90,€77M
102,188567,Emerick Aubameyang,29,Gabon,Arsenal,Right,3,4,4,6'2,176lbs,77,88,79,77,86,79,80,74,64,82,93,95,76,87,70,82,79,76,76,79,43,48,90,77,76,86,27,25,36,36,30,2116,22,4,39,94,0,0,88,88,€59M
103,188599,Mirco Antenucci,33,Italy,SPAL,Right,1,4,4,5'10,168lbs,59,80,61,74,73,79,76,66,56,78,75,69,77,78,73,77,60,68,64,70,61,30,80,71,75,76,32,36,32,35,22,1513,5,0,20,49,0,0,76,76,€4.8M
104,188600,Mehdi Abeid,25,Algeria,Dijon FCO,Right,1,3,3,5'10,187lbs,56,67,44,75,60,75,68,65,73,74,60,65,67,71,71,75,58,68,76,70,76,69,65,67,62,74,69,68,62,28,23,1455,3,0,12,35,6,0,74,72,€3.2M
105,188770,Admir Mehmedi,27,Switzerland,VfL Wolfsburg,Right,2,3,3,6'0,172lbs,74,74,60,74,77,78,73,62,58,77,74,72,77,77,76,81,64,71,68,74,68,42,79,74,69,71,43,40,36,26,20,1451,6,5,15,36,1,0,76,76,€8M
106,189043,Daniel Brosinski,29,Germany,1. FSV Mainz 05,Right,1,3,3,5'10,154lbs,78,54,68,71,59,74,80,80,73,71,84,79,75,75,75,65,76,83,62,63,72,70,67,60,81,68,72,75,75,26,26,1724,3,5,7,18,2,0,76,76,€6M
107,189053,Francesco Caputo,30,Italy,Empoli,Right,1,3,3,5'11,163lbs,50,77,72,66,74,72,58,54,52,70,85,88,86,70,77,73,92,74,74,66,50,14,75,55,77,75,40,20,11,38,38,2610,16,3,42,92,3,0,75,75,€6.5M
108,189125,Giacomo Bonaventura,28,Italy,Milan,Right,3,3,4,5'11,165lbs,82,70,70,84,78,83,78,78,80,85,75,77,77,82,77,84,69,84,66,86,68,72,78,82,68,82,74,72,68,8,8,-,3,0,9,25,0,0,82,82,€22M
109,189207,Jimmy Durmaz,29,Sweden,Toulouse Football Club,Left,2,4,3,5'11,152lbs,74,69,22,75,68,79,76,76,73,75,77,72,77,72,76,77,53,71,53,73,75,22,66,72,74,75,31,44,30,36,21,1595,4,2,9,41,5,0,75,75,€6.5M
110,189242,Philippe Coutinho,26,Brazil,FC Barcelona,Right,3,4,5,5'8,150lbs,79,79,48,88,75,91,91,86,83,92,89,75,92,83,93,83,59,79,61,93,59,49,84,90,70,85,55,54,47,34,22,1372,5,2,32,69,2,0,89,88,€69.5M
111,189250,Salomon Rondon,28,Venezuela,Newcastle United,Right,2,4,3,6'1,216lbs,48,75,84,68,75,70,53,52,40,71,69,68,66,73,46,85,71,72,85,68,72,33,77,53,65,76,36,23,13,32,30,2397,11,7,31,89,1,0,77,77,€9M
112,189462,Junior Hoilett,28,Canada,Cardiff City,Right,2,3,3,5'8,154lbs,71,68,58,68,69,76,69,65,63,75,88,87,85,70,83,76,71,58,63,73,66,45,71,73,68,66,20,39,28,32,23,1636,3,1,12,41,4,0,74,74,€5.5M
113,189485,Diego Farias,28,Brazil,Cagliari,Right,1,3,4,5'8,146lbs,66,65,55,72,60,78,63,65,55,77,87,85,88,73,89,60,71,66,34,68,40,25,72,72,69,72,55,27,12,32,23,416,7,4,27,59,3,0,73,73,€4.1M
114,189505,Pedro,30,Spain,Chelsea,Right,3,5,4,5'7,143lbs,78,78,55,80,70,84,81,57,71,85,79,74,82,81,80,77,66,70,47,79,56,49,82,77,66,77,49,32,31,31,21,1416,8,2,26,56,2,0,82,82,€21M
115,189513,Dani Parejo,29,Spain,Valencia CF,Right,2,4,3,6'0,163lbs,84,79,61,90,72,78,89,90,87,84,51,43,66,78,72,78,51,78,72,82,58,81,81,86,83,78,69,68,60,36,35,2374,9,7,20,44,6,1,85,85,€37M
116,189560,Vicente Iborra,30,Spain,Leicester City,Right,2,4,3,6'3,201lbs,53,69,79,83,66,70,66,70,81,81,39,35,51,75,31,81,64,66,84,65,75,78,77,77,73,76,79,79,74,19,19,1667,3,1,7,16,7,0,79,79,€9.5M
117,189575,Iker Muniain,25,Spain,Athletic Club de Bilbao,Right,2,3,4,5'7,139lbs,74,76,43,80,63,86,78,69,67,83,83,75,88,81,94,61,73,64,46,72,66,45,80,77,61,77,58,55,34,34,27,1899,7,3,12,25,7,0,83,80,€18.5M
118,189596,Thomas Muller,28,Germany,FC Bayern München,Right,4,4,3,6'1,165lbs,79,87,82,83,84,75,81,59,72,82,73,75,75,91,72,78,81,87,68,80,57,58,92,85,60,83,44,41,44,32,28,1864,6,11,28,63,1,0,86,86,€45M
119,190059,Steven Zuber,26,Switzerland,TSG 1899 Hoffenheim,Right,1,4,3,6'0,174lbs,74,63,72,74,57,78,78,66,61,77,78,79,74,75,67,80,65,79,77,79,72,76,74,72,55,76,69,73,68,24,20,-,5,2,16,50,0,0,77,76,€7.5M
120,190264,Iago Falque,28,Spain,Torino,Left,3,3,4,5'9,152lbs,78,75,53,82,69,84,80,75,74,85,79,76,85,78,85,70,36,74,53,75,48,26,80,78,77,78,54,36,32,26,19,1251,6,4,20,57,1,0,80,80,€15M
121,190286,Sergio Canales,27,Spain,Real Betis,Left,2,3,3,5'11,163lbs,79,77,38,84,63,81,81,79,70,80,67,62,69,79,69,71,36,55,56,78,55,50,81,82,66,65,60,23,16,32,30,1881,7,3,25,66,7,0,80,80,€15.5M
122,190460,Christian Eriksen,26,Denmark,Tottenham Hotspur,Right,3,5,4,5'11,168lbs,88,80,52,91,77,84,86,87,88,91,75,73,79,88,81,84,50,92,58,89,46,56,83,91,67,88,59,57,22,35,30,2231,8,12,33,86,3,0,91,88,€73.5M
123,190507,Xabier Etxeita,30,Spain,SD Huesca,Right,1,3,2,6'1,172lbs,36,29,70,63,38,47,35,43,54,64,37,53,67,76,52,54,79,70,82,34,81,75,28,30,30,68,67,71,73,31,30,2160,4,0,8,23,11,0,73,73,€3M
124,190674,Benjamin Andre,27,France,Stade Rennais FC,Right,2,3,3,5'11,168lbs,72,61,74,80,56,75,68,46,79,76,68,73,73,76,72,69,85,81,77,65,75,73,70,76,66,76,74,78,71,30,28,1598,3,0,9,23,7,0,77,77,€9M
125,190717,Michail Antonio,28,England,West Ham United,Right,2,3,4,5'10,181lbs,74,72,83,73,66,79,66,60,65,75,82,86,84,74,76,75,89,70,84,72,77,40,76,68,73,70,50,56,53,33,22,1725,6,3,23,63,3,0,76,76,€8M
126,190765,Pascal Gross,27,Germany,Brighton & Hove Albion,Right,2,4,4,5'11,172lbs,84,72,53,80,65,75,82,77,81,77,63,65,66,76,73,74,70,93,71,74,66,67,76,84,65,78,57,62,61,25,24,1656,3,3,9,22,1,0,78,77,€10M
127,190813,Stephan El Shaarawy,25,Italy,Roma,Right,3,3,5,5'10,159lbs,74,78,51,74,79,84,83,63,57,86,86,87,85,72,81,74,60,68,54,74,54,36,78,73,67,72,59,30,25,28,23,1553,11,3,32,71,2,0,82,81,€21M
128,190871,Neymar,26,Brazil,Paris Saint-Germain,Right,5,5,5,5'9,150lbs,79,87,62,84,84,96,88,87,78,95,94,90,96,94,84,80,61,81,49,82,56,36,89,87,81,94,27,24,33,17,16,732,15,7,26,56,2,0,93,92,€118.5M
129,190875,Juraj Kucka,31,Slovakia,Trabzonspor,Right,2,3,3,6'1,185lbs,68,65,75,76,68,75,66,69,76,75,66,65,72,79,54,85,90,87,90,78,86,78,73,70,71,75,77,77,78,18,17,1539,4,3,10,24,4,0,77,77,€7.5M
130,191076,Johann Gudmundsson,27,Iceland,Burnley,Left,1,4,4,5'10,170lbs,82,70,64,78,72,81,79,77,75,79,79,77,76,77,76,84,78,78,70,74,66,58,74,79,70,79,58,59,49,29,19,1103,3,6,9,32,2,0,79,79,€13M
131,192041,Nestor Araujo,26,Mexico,RC Celta,Right,1,3,2,6'2,192lbs,32,34,78,72,36,53,44,45,66,69,69,72,50,71,63,57,66,72,85,39,65,76,30,43,54,71,62,80,79,32,30,2070,3,0,6,10,1,0,78,75,€7M
132,192123,Chris Wood,26,New Zealand,Burnley,Right,1,3,2,6'2,203lbs,46,78,83,65,69,66,69,64,48,74,68,75,65,75,61,80,76,70,84,71,74,40,79,64,81,77,39,30,29,38,29,2190,10,2,26,61,2,0,78,77,€10.5M
133,192318,Mario Gotze,26,Germany,Borussia Dortmund,Right,4,4,4,5'9,165lbs,78,75,51,87,86,84,81,72,82,90,74,64,86,84,85,68,58,73,68,66,58,65,81,86,77,85,63,53,57,26,19,1653,7,7,16,27,0,0,85,82,€27M
134,192387,Ciro Immobile,28,Italy,Lazio,Right,3,4,3,6'1,187lbs,55,90,81,74,87,83,70,51,49,83,78,85,77,87,63,86,77,80,76,80,77,40,91,65,78,81,34,33,32,36,31,2114,15,6,49,121,6,0,87,87,€52M
135,192445,Daniel Ginczek,27,Germany,VfL Wolfsburg,Right,2,4,3,6'3,187lbs,31,77,74,63,78,69,49,58,37,73,66,84,54,72,53,83,64,62,90,65,80,29,78,58,76,71,30,45,19,24,12,1030,6,2,13,33,4,0,78,77,€10.5M
136,192505,Romelu Lukaku,25,Belgium,Manchester United,Left,3,3,3,6'3,207lbs,78,87,86,77,79,80,74,66,73,72,77,90,60,86,46,88,71,84,94,74,75,27,89,76,78,83,30,30,30,32,22,1387,12,0,32,57,4,0,89,87,€62.5M
137,192587,Artur Ionita,27,Moldova,Cagliari,Right,2,4,3,6'0,161lbs,68,64,74,75,60,70,69,65,74,73,67,68,67,72,69,75,79,79,79,72,73,74,70,70,65,71,67,75,70,37,34,2376,3,2,11,33,4,1,74,74,€6M
138,192629,Iago Aspas,30,Spain,RC Celta,Left,2,3,3,5'9,148lbs,80,88,78,79,83,86,80,76,64,85,85,78,87,85,74,79,68,75,60,82,63,39,86,75,82,85,39,21,18,27,26,1502,20,7,32,66,5,0,84,84,€30M
139,192722,Romain Hamouma,31,France,AS Saint-Étienne,Right,2,4,3,5'10,168lbs,76,73,63,77,73,78,76,70,71,79,75,73,78,72,74,70,60,71,60,73,60,39,76,74,71,73,38,41,41,27,19,1317,4,4,12,34,2,0,76,76,€7M
140,192841,Emanuele Giaccherini,33,Italy,Chievo Verona,Right,2,3,4,5'6,132lbs,78,66,58,78,74,81,76,72,70,80,80,67,85,76,93,68,53,69,54,80,66,66,80,76,69,78,56,62,66,26,22,1455,3,1,13,30,8,0,77,77,€5.5M
141,192883,Henrikh Mkhitaryan,29,Armenia,Arsenal,Right,3,5,4,5'10,165lbs,77,74,53,80,81,84,83,64,71,86,84,78,87,79,85,85,69,83,62,73,69,64,82,84,72,76,41,53,55,25,19,1201,6,4,15,50,1,0,83,83,€25.5M
142,193061,Roberto Pereyra,27,Argentina,Watford,Right,2,4,4,6'0,170lbs,78,74,60,82,73,84,78,72,75,84,75,76,75,74,73,68,65,77,63,74,66,70,76,80,72,78,50,64,70,33,33,2034,6,2,22,57,3,0,80,80,€15.5M
143,193130,Andre Schurrle,27,Germany,Fulham,Right,3,4,3,6'0,157lbs,76,78,63,75,81,79,80,70,58,77,79,78,74,78,75,82,69,76,67,82,71,41,80,76,77,75,42,39,55,24,21,961,6,0,19,53,2,0,77,77,€9.5M
144,193283,Thomas Delaney,26,Denmark,Borussia Dortmund,Left,2,4,3,6'0,174lbs,67,72,83,79,66,73,71,68,77,77,76,78,73,81,74,78,91,90,79,74,84,85,75,77,60,81,80,82,81,30,27,1783,3,4,10,30,7,0,83,82,€21.5M
145,193290,Martin Braithwaite,27,Denmark,Middlesbrough,Right,2,4,4,5'11,161lbs,68,73,66,71,73,75,71,75,65,76,76,78,84,72,76,76,84,77,76,69,69,31,75,68,73,76,35,30,26,19,16,1406,4,5,8,31,5,0,76,75,€8M
146,193301,Alexandre Lacazette,27,France,Arsenal,Right,3,4,4,5'9,161lbs,64,88,73,80,81,85,74,71,59,83,81,84,85,85,85,83,76,79,73,75,70,42,86,76,84,85,29,42,30,35,27,1880,13,8,32,83,2,0,86,85,€45M
147,193338,Mattia Destro,27,Italy,Bologna,Right,2,3,4,5'10,159lbs,56,78,76,68,70,74,68,51,42,76,73,73,73,72,76,74,79,58,68,60,60,20,82,58,69,76,28,22,20,17,5,304,4,1,7,11,3,0,76,76,€8M
148,193348,Xherdan Shaqiri,26,Switzerland,Liverpool,Left,3,4,5,5'7,159lbs,78,71,45,81,76,86,88,84,80,84,84,77,84,80,91,87,52,75,73,84,61,55,74,81,65,82,35,49,48,24,11,870,6,3,10,25,2,0,81,81,€19M
149,193425,Hanno Behrens,28,Germany,1. FC Nürnberg,Right,1,2,3,6'2,181lbs,54,68,81,74,62,69,52,40,68,73,67,69,66,76,62,78,84,92,79,76,77,79,72,69,58,71,73,76,73,30,30,1932,4,1,8,36,3,0,75,75,€6.5M
150,193476,Remy Cabella,28,France,AS Saint-Étienne,Right,2,4,4,5'7,157lbs,73,70,58,79,70,82,75,78,74,80,83,77,91,72,80,73,41,73,50,73,47,56,69,74,72,72,31,34,32,34,34,2267,8,4,26,79,4,0,78,78,€10.5M
151,193983,Andy Delort,26,France,Montpellier HSC,Right,2,3,3,5'11,183lbs,67,75,76,70,76,74,41,71,57,71,72,76,71,69,72,84,78,77,82,72,73,23,74,71,70,73,31,20,24,36,36,2279,14,7,37,118,4,0,77,76,€9M
152,194138,Andre Gray,27,England,Watford,Right,1,3,3,5'11,172lbs,61,75,65,67,69,72,57,44,54,72,87,87,75,75,74,80,72,72,75,65,70,33,78,67,74,71,27,23,20,29,13,756,7,2,17,35,2,0,77,76,€9M
153,194728,Ishak Belfodil,26,Algeria,TSG 1899 Hoffenheim,Right,2,2,3,6'3,190lbs,65,74,75,72,68,80,74,68,62,78,68,72,59,70,41,77,71,75,86,67,82,29,75,72,66,73,30,39,15,28,20,1633,16,3,40,83,3,0,78,76,€9.5M
154,194765,Antoine Griezmann,27,France,Atlético Madrid,Left,4,3,4,5'9,161lbs,82,90,84,83,87,88,84,78,76,90,88,85,90,90,80,80,90,83,62,82,69,35,91,83,79,87,59,47,48,37,37,2462,15,8,49,110,5,0,90,89,€78M
155,194879,Sergi Enrich,28,Spain,SD Eibar,Right,2,4,3,5'11,170lbs,70,81,81,79,82,76,55,47,61,80,60,65,70,82,67,77,81,80,83,70,66,42,84,72,63,69,31,46,31,35,30,1922,7,4,16,62,4,0,80,80,€15.5M
156,194964,Nathanie Mendez-Laing,26,England,Cardiff City,Right,1,3,3,5'11,165lbs,66,65,53,63,51,77,59,49,57,72,85,85,72,67,70,67,62,74,71,65,40,46,65,65,48,61,21,30,24,20,11,900,4,1,10,19,0,0,72,71,€2.8M
157,194996,Borja Baston,25,Spain,Deportivo Alavés,Right,2,4,3,6'3,181lbs,51,75,76,68,76,66,68,46,54,74,51,62,62,73,34,78,53,63,91,72,61,23,78,65,72,70,55,32,24,27,18,1296,5,1,10,34,4,0,78,75,€8.5M
158,195093,Willian Jose,26,Brazil,Real Sociedad,Right,2,4,4,6'2,205lbs,54,84,84,78,80,79,68,71,50,80,62,65,65,81,43,84,72,73,90,77,65,35,87,68,80,75,40,32,30,31,28,2036,11,4,23,51,5,1,83,82,€26.5M
159,195859,Danny Ings,25,England,Southampton,Right,1,3,3,5'10,161lbs,62,76,71,69,66,77,57,36,61,76,79,76,74,74,77,74,79,70,70,67,60,39,79,68,68,70,22,24,27,24,23,1054,7,2,21,54,1,0,78,76,€9.5M
160,195864,Paul Pogba,25,France,Manchester United,Right,4,4,5,6'4,185lbs,80,73,73,86,85,87,84,82,90,90,71,79,74,81,64,90,83,88,89,81,78,66,81,87,81,87,66,70,68,35,34,2226,13,9,47,101,6,0,91,87,€64M
161,195912,Suk Hyun Jun,27,Korea Republic,Stade de Reims,Right,2,4,3,6'3,185lbs,58,73,73,59,68,71,68,67,47,76,62,65,65,68,46,85,67,77,82,72,78,29,74,58,61,65,41,37,22,22,7,543,3,0,7,21,3,0,75,74,€6.5M
162,196978,Callum Wilson,26,England,Bournemouth,Right,1,3,4,5'11,146lbs,52,83,73,71,69,74,63,45,60,77,87,89,74,74,74,76,65,72,75,66,73,40,82,71,75,78,29,39,25,30,29,1747,14,9,29,69,3,0,81,79,€15.5M
163,197083,Daniel Caligiuri,30,Italy,FC Schalke 04,Right,2,4,3,6'0,176lbs,83,72,65,78,68,81,80,61,70,80,77,78,76,79,74,78,76,85,70,81,74,76,75,77,83,76,70,72,68,31,31,2040,7,3,14,48,9,0,79,79,€9M
164,197231,Khouma Babacar,25,Senegal,Sassuolo,Right,2,4,3,6'3,187lbs,50,75,74,64,76,72,64,60,46,76,70,75,71,70,59,79,76,65,78,62,58,20,77,48,77,70,43,26,24,29,16,1154,7,2,24,58,0,0,77,75,€8.5M
165,197445,David Alaba,26,Austria,FC Bayern München,Left,4,4,3,5'11,168lbs,81,63,75,82,68,79,78,84,80,83,79,86,79,84,77,83,82,87,71,82,69,84,76,77,80,79,80,82,80,31,29,2020,3,3,16,46,4,0,87,85,€38M
166,197781,Isco,26,Spain,Real Madrid,Right,3,3,4,5'9,174lbs,75,79,55,89,65,94,88,76,83,95,75,69,87,77,90,69,64,70,59,87,58,64,78,89,76,86,60,64,51,27,11,854,3,1,7,24,3,0,91,88,€73.5M
167,197891,Juanmi,25,Spain,Real Sociedad,Right,1,3,3,5'8,152lbs,64,78,74,75,73,78,60,57,53,79,77,77,78,81,78,70,75,70,46,72,57,23,82,69,63,69,25,28,25,30,16,1138,5,2,19,41,3,0,79,76,€9.5M
168,198077,Patrick Herrmann,27,Germany,Borussia Mönchengladbach,Right,2,2,3,5'10,154lbs,77,65,54,74,70,79,74,60,64,77,79,83,83,77,75,74,69,64,56,70,58,29,79,77,63,65,28,26,54,24,10,816,3,2,4,18,1,0,77,77,€9.5M
169,198219,Lorenzo Insigne,27,Italy,Napoli,Right,3,3,4,5'4,130lbs,86,77,56,85,74,90,87,77,78,93,94,86,94,83,93,75,53,75,44,84,34,26,83,87,61,83,51,24,22,28,24,1499,10,6,40,116,6,1,88,88,€62M
170,198329,Rodrigo Moreno,27,Spain,Valencia CF,Left,2,3,4,6'0,170lbs,72,78,80,78,77,82,83,67,58,82,88,91,84,80,77,83,78,78,72,76,60,31,83,74,77,77,44,41,40,33,29,1964,8,6,28,75,3,0,84,83,€30.5M
171,198420,Majeed Waris,26,Ghana,FC Nantes,Right,1,4,3,5'8,157lbs,63,73,66,68,65,75,49,51,59,75,91,92,83,65,83,74,92,66,62,73,72,36,74,72,65,77,41,33,34,33,25,1673,5,3,14,37,3,0,74,74,€6M
172,198554,Anthony Ujah,27,Nigeria,1. FSV Mainz 05,Right,2,4,3,6'0,179lbs,50,71,74,62,61,71,57,45,55,71,69,74,69,72,67,83,92,66,77,67,62,38,70,52,69,72,20,29,23,22,6,526,4,0,13,29,2,0,73,73,€4.3M
173,198683,Manolo Gabbiadini,26,Italy,Southampton,Left,2,3,3,5'11,159lbs,70,79,66,72,72,77,78,77,64,79,67,70,70,74,56,82,74,63,71,77,57,18,79,72,72,71,21,24,20,18,8,807,4,2,12,29,5,0,78,77,€10.5M
174,198706,Luis Alberto,25,Spain,Lazio,Right,2,3,4,6'0,163lbs,76,80,49,88,76,86,86,81,87,88,77,72,79,83,74,77,54,73,67,77,29,28,81,87,56,72,44,25,18,27,25,1482,4,5,15,68,5,1,85,82,€28.5M
175,198710,James Rodriguez,26,Colombia,FC Bayern München,Left,4,3,4,5'11,172lbs,90,83,62,89,90,85,89,86,83,90,73,67,83,85,76,86,54,70,68,92,64,55,80,89,81,87,52,41,44,20,13,742,7,3,18,34,2,0,89,88,€69.5M
176,198717,Wilfried Zaha,25,Ivory Coast,Crystal Palace,Right,2,3,5,5'11,146lbs,81,77,47,75,61,90,57,51,65,87,89,92,88,77,82,78,57,76,75,68,73,23,78,77,66,81,22,29,28,34,34,2320,10,5,28,74,8,0,85,82,€28.5M
177,198719,Nathan Redmond,24,England,Southampton,Right,2,3,4,5'8,152lbs,72,66,33,72,55,81,69,65,61,79,86,83,90,64,88,75,43,69,43,68,38,22,73,72,57,68,23,26,30,38,36,2467,6,4,21,75,3,0,79,75,€8.5M
178,198950,Pablo Sarabia,26,Spain,Sevilla FC,Left,2,4,4,5'9,154lbs,86,78,61,83,64,86,84,74,77,84,75,76,80,77,81,76,40,72,58,77,46,50,79,84,69,74,57,49,46,33,30,1967,12,13,31,74,9,0,83,82,€26M
179,199110,Luis Muriel,27,Colombia,Sevilla FC,Right,2,4,4,5'10,174lbs,62,78,65,75,75,85,77,60,55,83,86,89,85,79,80,80,62,74,80,65,50,16,81,73,74,75,26,24,22,19,16,1443,6,0,17,46,1,0,81,80,€17.5M
180,199189,Ross Barkley,24,England,Chelsea,Right,2,5,4,6'1,192lbs,65,68,65,82,61,85,68,70,78,84,69,70,66,74,58,81,62,69,77,80,74,45,71,79,65,80,54,58,51,27,13,940,3,5,7,40,1,0,82,79,€16M
181,199254,Joao Pedro,26,Brazil,Cagliari,Right,1,4,4,6'0,161lbs,69,75,61,77,72,75,70,57,69,75,75,76,73,76,61,75,73,75,64,73,76,42,79,75,72,72,30,44,28,34,30,2146,7,3,19,60,4,0,79,76,€9.5M
182,199266,Ji Dong Won,27,Korea Republic,FC Augsburg,Right,2,4,3,6'2,179lbs,54,69,78,64,60,74,67,62,54,71,68,74,70,71,66,73,78,69,73,68,69,49,69,72,66,72,38,40,20,14,10,869,4,1,7,21,2,0,71,71,€2.5M
183,199387,Pablo Chavarria,30,Argentina,Stade de Reims,Right,1,4,3,6'1,163lbs,68,73,68,74,61,72,57,58,62,73,68,74,72,72,71,72,78,79,73,65,68,28,73,70,63,64,24,37,48,30,23,1138,5,3,18,43,3,0,73,73,€3.9M
184,199416,Ibai Gomez,28,Spain,Deportivo Alavés,Right,1,4,3,5'10,159lbs,79,79,47,77,75,82,85,81,78,81,79,77,79,75,78,83,66,68,66,79,63,45,78,80,65,67,73,58,55,32,23,797,3,4,14,51,0,0,79,79,€12.5M
185,199439,Michael Gregoritsch,24,Austria,FC Augsburg,Left,2,3,4,6'4,192lbs,65,80,71,77,70,75,83,78,69,78,65,68,67,78,52,84,50,69,79,81,58,33,78,73,64,65,36,40,38,32,28,1823,6,2,26,81,4,0,82,79,€16M
186,199451,Wissam Ben Yedder,27,France,Sevilla FC,Right,2,5,4,5'7,150lbs,74,84,74,78,78,84,80,76,66,83,87,83,91,83,87,79,81,69,60,69,55,44,87,79,76,84,34,33,26,35,31,2385,18,9,38,78,4,0,82,82,€23.5M
187,199503,Granit Xhaka,25,Switzerland,Arsenal,Left,3,2,3,6'1,181lbs,71,49,62,85,50,70,73,77,85,80,47,49,49,77,61,88,32,80,75,80,92,71,77,81,63,74,68,72,68,29,29,1756,4,2,13,30,10,0,84,81,€22M
188,199559,Roberto Inglese,26,Italy,Parma,Right,2,3,3,6'1,187lbs,39,78,90,65,70,68,68,36,35,76,51,69,54,72,55,78,83,66,85,68,40,19,78,42,72,74,30,13,12,25,23,1433,9,2,20,47,3,0,78,77,€10.5M
189,199823,Jose Campana,25,Spain,Levante UD,Right,1,3,3,5'10,154lbs,73,73,65,82,58,77,81,78,81,81,65,61,67,74,75,75,57,76,73,76,66,73,68,80,69,80,75,75,69,36,36,2420,4,9,8,19,11,0,82,79,€15.5M
190,199845,Francesco Acerbi,30,Italy,Lazio,Left,2,3,3,6'4,194lbs,25,37,80,73,39,65,62,56,77,72,65,55,33,81,35,75,68,81,83,60,73,85,20,65,72,85,87,87,85,37,37,2500,3,1,7,18,3,0,83,83,€19M
191,200104,Son Heung-min,25,Korea Republic,Tottenham Hotspur,Right,3,5,4,6'0,143lbs,78,85,65,79,79,88,81,70,64,85,88,87,82,84,76,86,63,85,63,88,60,39,85,80,71,82,48,34,33,31,23,1790,12,6,29,73,2,1,85,84,€37M
192,200145,Casemiro,26,Brazil,Real Madrid,Right,3,3,2,6'1,185lbs,52,59,76,85,53,69,59,74,82,78,59,65,62,84,66,86,88,87,89,79,87,87,69,77,66,84,88,90,87,29,27,1639,3,0,9,37,5,0,90,88,€59.5M
193,200315,Cristian Tello,26,Spain,Real Betis,Right,2,4,3,5'10,143lbs,78,74,47,77,75,82,81,64,70,81,92,89,82,72,79,78,72,73,58,71,48,26,74,74,56,66,55,30,26,29,13,1312,4,6,18,35,4,0,80,80,€16M
194,200429,Benito Raman,23,Belgium,Fortuna Düsseldorf,Right,1,4,3,5'8,148lbs,64,70,65,66,66,76,72,67,52,72,92,92,88,70,84,69,82,79,39,72,72,23,71,59,65,73,25,20,15,30,19,1269,10,5,26,55,1,0,79,73,€5.5M
195,200454,Paco Alcacer,24,Spain,Borussia Dortmund,Right,2,4,3,5'9,159lbs,53,85,77,76,84,78,78,63,51,81,82,80,83,84,84,80,75,65,64,68,59,26,86,65,71,82,50,21,26,26,11,1078,18,0,28,53,0,0,85,81,€23.5M
196,200458,Lucas Digne,24,France,Everton,Left,2,3,4,5'10,163lbs,82,52,68,81,45,76,68,67,69,82,76,75,68,77,79,77,73,79,69,69,75,81,69,72,60,76,73,77,82,35,33,2435,4,4,10,34,5,1,84,80,€16M
197,200610,Kevin Volland,25,Germany,Bayer 04 Leverkusen,Left,2,3,3,5'10,187lbs,78,81,67,81,77,79,79,76,67,81,78,77,73,82,84,85,78,88,82,81,78,45,81,81,72,80,22,50,33,34,32,2241,14,8,47,82,4,0,83,81,€22M
198,200647,Josip Ilicic,30,Slovenia,Atalanta,Left,3,3,4,6'3,174lbs,78,78,58,82,80,83,77,84,74,87,67,70,70,80,56,87,33,64,74,87,58,46,80,82,78,80,53,32,26,31,23,1964,12,7,36,99,5,1,81,81,€17M
199,200759,Jeffrey Schlupp,25,Ghana,Crystal Palace,Left,1,2,3,5'10,159lbs,69,60,64,71,64,73,62,34,55,66,83,89,78,71,77,75,75,78,75,56,70,68,73,67,67,63,68,70,71,30,18,1156,4,1,10,29,1,0,76,73,€4.1M
200,200949,Lucas Moura,25,Brazil,Tottenham Hotspur,Right,3,3,4,5'9,154lbs,75,78,50,77,70,88,69,74,74,81,94,90,94,76,90,79,77,75,59,76,72,50,80,74,74,80,31,43,51,32,25,1352,10,0,19,45,3,0,84,83,€31M
201,201073,Nicolas de Preville,27,France,FC Girondins de Bordeaux,Right,2,3,3,5'10,170lbs,70,74,69,73,74,75,73,73,69,74,78,76,79,72,74,75,68,69,57,72,72,48,74,72,74,72,26,25,39,23,14,1111,3,2,11,27,5,0,74,74,€6M
202,201153,Alvaro Morata,25,Spain,Chelsea,Right,3,4,3,6'2,187lbs,73,80,86,78,80,83,76,44,51,82,76,86,66,79,60,80,84,68,78,72,56,24,85,76,70,76,37,14,20,15,13,1089,6,1,13,29,5,0,85,82,€28.5M
203,201313,Camillo Ciano,28,Italy,Frosinone,Left,1,4,4,5'9,161lbs,72,70,60,73,67,76,75,76,70,77,87,75,82,71,78,70,55,68,62,71,51,25,67,72,70,74,24,23,20,33,28,1788,7,4,25,77,12,0,75,75,€6.5M
204,201335,Federico Santander,27,Paraguay,Bologna,Right,1,2,3,6'2,176lbs,56,76,73,69,67,68,55,55,55,72,70,73,75,68,63,75,82,72,80,64,72,33,76,68,69,72,32,19,23,32,23,1425,8,3,26,72,5,0,75,74,€6.5M
205,201399,Mauro Icardi,25,Argentina,Inter,Right,3,4,3,5'11,165lbs,46,91,91,73,85,77,58,45,54,81,77,78,76,88,76,84,94,72,76,70,56,22,92,64,82,85,45,24,20,29,24,1692,11,4,30,71,0,0,90,87,€64.5M
206,201417,Matt Doherty,26,Republic of Ireland,Wolverhampton Wanderers,Right,1,4,3,6'0,196lbs,71,57,62,74,46,74,62,45,69,75,74,78,69,68,68,72,82,89,73,62,73,69,71,66,48,67,69,71,72,38,35,2375,4,5,18,44,5,0,78,75,€7M
207,201508,Gaston Ramirez,27,Uruguay,Sampdoria,Left,2,3,4,6'0,170lbs,74,74,57,81,71,80,79,77,77,81,70,69,78,76,73,77,66,62,53,76,69,32,75,80,73,77,30,45,39,27,19,1166,4,4,10,26,6,0,79,79,€13M
208,201519,Jordan Veretout,25,France,Fiorentina,Right,1,3,3,5'9,148lbs,74,66,54,84,68,76,70,76,79,79,72,66,76,79,76,76,69,79,68,74,72,76,72,78,78,80,69,76,72,33,33,2340,5,2,12,37,12,1,84,79,€16.5M
209,201922,Martin Hinteregger,25,Austria,FC Augsburg,Left,2,3,2,6'0,183lbs,53,48,77,63,49,55,58,63,81,62,63,73,62,68,62,83,85,72,83,71,82,76,61,65,64,65,77,78,77,32,32,855,3,0,6,23,0,0,80,77,€9.5M
210,201942,Roberto Firmino,26,Brazil,Liverpool,Right,3,4,4,5'11,168lbs,72,87,77,86,81,87,80,65,75,88,78,77,80,86,81,81,81,90,74,76,73,58,87,85,72,87,60,64,42,34,31,1942,12,7,36,74,0,0,87,86,€53M
211,201943,Andreas Cornelius,25,Denmark,FC Girondins de Bordeaux,Left,2,3,3,6'4,201lbs,42,75,79,67,67,67,45,56,43,74,67,69,49,68,60,77,72,66,93,68,72,28,76,56,65,71,54,26,12,20,6,490,3,1,8,19,4,0,79,75,€8.5M
212,201995,Felipe Anderson,25,Brazil,West Ham United,Right,3,4,4,5'9,154lbs,79,71,44,80,68,90,71,69,74,88,93,89,89,74,88,83,38,72,53,84,67,69,73,79,53,82,47,60,54,36,36,2320,9,4,24,59,3,0,85,83,€31.5M
213,202035,Nicolas Benezet,27,France,En Avant de Guingamp,Right,1,4,3,5'7,143lbs,73,72,63,74,63,75,61,43,69,76,78,77,82,70,86,72,59,62,58,70,32,28,73,73,63,63,36,22,30,25,18,955,3,1,9,27,1,0,74,74,€6M
214,202061,Jasmin Kurtic,29,Slovenia,SPAL,Right,2,3,3,6'1,194lbs,67,60,71,77,69,71,68,69,75,75,67,65,65,74,62,80,67,75,84,76,77,75,74,72,65,75,65,75,72,30,29,2050,6,5,15,64,9,0,75,75,€6.5M
215,202126,Harry Kane,24,England,Tottenham Hotspur,Right,3,4,3,6'2,196lbs,75,94,85,80,84,80,78,68,82,84,68,72,71,91,71,88,78,89,84,85,76,35,93,80,90,89,56,36,38,28,27,1623,17,4,50,103,5,0,91,89,€83.5M
216,202166,Julian Draxler,24,Germany,Paris Saint-Germain,Right,3,5,4,6'2,170lbs,83,78,65,84,84,88,78,76,79,89,78,77,80,83,75,86,75,69,66,82,48,66,79,84,63,83,39,64,44,31,22,1669,3,8,18,31,6,0,86,83,€32.5M
217,202282,Stuart Armstrong,26,Scotland,Southampton,Right,1,4,3,6'0,165lbs,64,70,66,75,62,75,70,70,71,73,79,76,84,67,65,75,69,82,68,75,67,67,72,73,52,67,61,64,61,29,16,1288,3,2,13,32,2,0,77,75,€8M
218,202335,Eric Dier,24,England,Tottenham Hotspur,Right,2,3,2,6'2,198lbs,67,52,82,77,51,65,60,74,78,70,62,68,52,78,38,82,77,78,89,72,91,81,53,67,70,77,82,81,83,20,18,815,3,0,3,9,4,0,84,80,€16.5M
219,202477,Gerard Deulofeu,24,Spain,Watford,Right,3,4,4,5'10,161lbs,75,69,40,78,68,88,84,77,62,86,89,88,94,74,77,72,70,70,54,66,40,25,77,76,77,76,34,30,22,30,26,1995,10,4,22,60,3,0,82,80,€18.5M
220,202556,Memphis Depay,24,Netherlands,Olympique Lyonnais,Right,3,3,5,5'9,172lbs,79,79,65,80,74,85,85,88,74,85,87,87,82,79,79,87,74,79,80,81,76,28,83,82,75,79,29,31,20,36,29,2022,10,10,45,109,5,0,89,84,€42M
221,202648,Sergi Darder,24,Spain,RCD Espanyol,Right,2,3,4,5'11,157lbs,68,59,52,84,54,76,69,58,81,81,58,45,75,76,77,74,48,70,68,69,71,69,75,83,55,81,62,68,69,34,32,2133,4,3,17,58,6,0,83,79,€16M
222,202651,Suso,24,Spain,Milan,Left,3,3,4,5'9,154lbs,84,70,50,86,72,88,87,80,75,89,83,77,86,78,84,78,50,77,56,87,23,20,76,84,72,76,50,23,18,35,35,2311,7,10,40,94,8,0,86,83,€33M
223,202652,Raheem Sterling,23,England,Manchester City,Right,3,3,4,5'7,152lbs,77,77,38,84,67,88,70,63,69,87,95,92,93,87,93,73,57,78,52,73,38,30,87,77,69,77,47,58,54,34,31,2187,17,9,39,78,3,0,89,86,€56.5M
224,202685,Simone Zaza,27,Italy,Torino,Left,2,3,4,6'1,185lbs,52,80,79,71,81,77,71,56,45,79,79,79,76,78,69,85,89,76,88,72,87,40,83,66,79,72,54,42,50,29,11,1097,4,3,28,52,8,1,82,81,€21M
225,202848,Gianluca Caprari,24,Italy,Sampdoria,Right,2,3,3,5'9,159lbs,66,68,47,72,66,80,72,65,60,78,89,84,91,68,89,68,33,74,54,70,30,16,68,70,56,68,22,13,12,21,12,793,6,2,13,30,1,0,78,73,€5.5M
226,202851,Gregoire Defrel,27,France,Sampdoria,Left,2,3,4,5'10,170lbs,70,79,68,67,75,83,67,69,60,82,88,87,82,75,72,79,42,59,58,78,53,37,81,75,69,75,50,15,18,36,26,1586,11,2,24,46,2,0,78,78,€11M
227,202857,Karim Bellarabi,28,Germany,Bayer 04 Leverkusen,Right,3,3,4,6'0,179lbs,76,72,48,78,72,87,70,58,58,83,90,91,86,81,78,85,75,73,68,77,59,38,76,76,57,77,31,30,33,19,14,1023,5,4,12,40,4,1,81,81,€18M
228,203177,Dimitri Foulquier,25,France,Getafe CF,Right,1,3,3,6'0,172lbs,69,50,60,67,45,78,58,40,59,69,70,78,64,64,63,59,70,65,76,49,67,70,65,55,49,64,65,75,77,25,23,1692,3,2,5,15,7,0,76,71,€2.6M
229,203280,Valere Germain,28,France,Olympique de Marseille,Right,2,4,3,5'11,161lbs,74,78,78,73,76,73,77,74,64,75,75,77,91,78,71,77,80,80,61,76,65,44,80,79,76,77,45,21,18,36,23,1625,8,2,20,48,1,0,77,77,€9M
230,203376,Virgil van Dijk,26,Netherlands,Liverpool,Right,3,3,2,6'4,203lbs,53,52,82,76,45,70,60,70,78,73,74,77,61,85,49,81,85,71,92,64,81,86,41,59,62,83,88,89,84,38,38,2610,4,2,8,30,1,0,88,86,€44.5M
231,203393,Eddy Gnahore,24,France,Amiens SC,Right,1,3,3,6'2,194lbs,61,63,58,76,51,74,63,62,68,74,68,66,61,69,64,66,61,72,81,67,65,66,68,69,57,70,64,67,48,34,24,1463,4,2,14,33,2,0,77,72,€4.1M
232,203483,Davy Klaassen,25,Netherlands,SV Werder Bremen,Right,2,3,3,5'10,154lbs,63,77,74,81,82,72,62,44,75,80,71,64,67,78,64,78,72,83,69,77,77,67,80,78,75,83,63,72,61,33,33,2104,5,3,11,31,5,0,81,79,€15M
233,203486,Thorgan Hazard,25,Belgium,Borussia Mönchengladbach,Right,2,3,4,5'9,152lbs,77,69,38,81,80,85,83,79,72,83,86,77,91,81,83,78,63,77,62,77,57,41,81,80,83,76,30,47,35,33,33,2164,10,11,27,75,1,0,83,81,€21.5M
234,203502,Bobby Reid,25,England,Cardiff City,Right,1,3,3,5'7,150lbs,67,74,63,71,69,74,61,62,64,74,84,78,87,75,86,67,72,83,60,72,46,56,77,71,70,65,53,58,54,27,16,960,5,2,9,28,0,0,78,73,€5.5M
235,203551,Alessandro Florenzi,27,Italy,Roma,Right,3,3,4,5'8,148lbs,77,70,72,77,87,78,73,79,75,79,86,84,87,80,82,82,74,90,67,82,79,78,82,76,76,79,76,79,78,29,24,1658,3,2,10,35,4,0,83,82,€20.5M
236,203736,Stephane Bahoken,26,Cameroon,Angers SCO,Right,1,3,3,6'1,172lbs,61,76,65,62,52,71,41,30,26,69,79,80,76,61,73,73,63,61,75,62,54,23,72,51,46,63,12,23,15,32,31,1920,11,2,33,64,3,0,75,72,€3.9M
237,204077,Mbaye Niang,23,Senegal,Stade Rennais FC,Right,2,4,3,6'0,172lbs,65,68,64,70,72,81,68,66,57,80,85,91,82,66,65,86,69,64,69,73,50,30,77,72,70,69,30,24,20,29,19,1495,11,4,24,60,5,0,81,76,€10.5M
238,204082,John Brooks,25,United States,VfL Wolfsburg,Left,2,3,2,6'4,172lbs,36,39,82,73,32,65,30,28,72,64,66,76,57,73,51,50,72,61,84,29,75,77,40,57,45,81,79,81,76,29,29,1890,3,2,6,19,7,0,84,79,€14M
239,204105,Kenny Lala,26,France,RC Strasbourg Alsace,Right,1,3,3,5'10,172lbs,76,46,63,73,36,79,65,72,72,77,78,80,67,77,70,67,70,79,72,51,79,76,76,68,78,66,73,73,73,34,34,2160,5,9,10,25,4,0,78,77,€8.5M
240,204485,Riyad Mahrez,27,Algeria,Manchester City,Left,3,4,5,5'10,148lbs,81,80,48,82,72,91,84,78,76,90,88,83,93,77,88,79,61,76,54,81,48,39,80,81,73,86,45,31,18,27,14,927,7,4,26,53,0,0,85,85,€40.5M
241,204529,Michy Batshuayi,24,Belgium,Valencia CF,Right,2,5,4,6'1,172lbs,65,82,75,64,85,78,66,46,36,80,77,76,75,79,76,81,80,66,78,75,63,23,84,62,67,81,37,26,22,11,9,756,5,0,10,24,0,0,84,80,€19.5M
242,204638,Willi Orban,25,Hungary,RB Leipzig,Right,2,3,2,6'1,183lbs,38,38,83,66,33,53,28,32,56,58,51,53,48,74,56,37,90,67,85,29,79,77,34,42,41,68,76,83,77,24,23,1600,4,0,11,28,5,0,81,79,€13M
243,204819,Emiliano Sala,27,Argentina,FC Nantes,Right,2,3,3,6'2,183lbs,59,80,81,71,77,75,72,41,63,75,56,61,59,80,55,79,77,92,84,75,75,62,82,63,73,81,62,59,51,19,16,800,12,2,18,36,0,0,78,78,€11M
244,204838,Raul Jimenez,27,Mexico,Wolverhampton Wanderers,Right,3,4,3,6'2,179lbs,69,76,81,71,77,74,71,45,67,74,69,76,73,76,49,79,68,76,78,68,80,51,83,71,90,74,46,36,28,38,36,2376,13,7,38,113,4,0,79,78,€12M
245,204923,Marcel Sabitzer,24,Austria,RB Leipzig,Right,2,4,3,5'10,170lbs,70,79,56,79,78,79,74,63,67,81,83,77,75,85,79,86,75,84,76,81,70,55,81,79,65,75,58,55,51,30,26,1892,4,3,16,61,9,0,84,81,€22.5M
246,204970,Florian Thauvin,25,France,Olympique de Marseille,Left,2,3,4,5'10,154lbs,83,81,75,83,74,85,86,72,76,86,87,80,86,83,71,83,76,83,66,82,56,42,83,80,74,82,46,29,31,33,30,1994,16,8,38,98,5,1,87,84,€39M
247,205070,Portu,26,Spain,Girona FC,Right,1,4,3,5'10,154lbs,63,81,72,83,72,82,67,64,78,83,85,80,79,67,72,77,71,83,71,75,76,68,80,77,53,69,50,61,59,34,33,2151,9,2,20,40,3,0,81,80,€17.5M
248,205083,Faycal Fajr,29,Morocco,Stade Malherbe Caen,Right,2,4,3,5'10,157lbs,77,72,49,80,62,76,81,77,81,79,67,61,74,74,71,74,37,66,67,78,70,76,69,79,72,63,70,77,78,36,36,2430,5,4,18,53,6,0,78,78,€10M
249,205175,Arek Milik,24,Poland,Napoli,Left,3,3,4,6'1,172lbs,58,88,78,63,76,74,71,74,62,78,69,74,68,75,63,85,62,73,78,82,67,36,81,60,79,72,35,34,32,35,27,1907,17,3,52,111,4,0,88,81,€25.5M
250,205188,Rachid Alioui,26,Morocco,Nîmes Olympique,Right,1,3,3,6'1,181lbs,57,70,67,60,55,69,63,74,43,69,66,74,69,63,46,74,71,64,75,70,49,36,69,66,55,65,41,19,11,27,11,1195,5,0,19,49,1,0,73,70,€2.2M
251,205257,Naim Sliti,25,Tunisia,Dijon FCO,Right,1,3,4,5'8,168lbs,70,67,49,78,72,81,72,70,65,78,76,75,79,71,84,68,66,81,68,74,59,32,73,74,70,78,31,34,27,37,27,1757,5,3,27,69,2,0,77,76,€9M
252,205402,Paul Boetius,24,Netherlands,1. FSV Mainz 05,Right,1,4,4,5'10,168lbs,70,70,62,69,65,77,80,60,67,77,88,85,89,69,67,70,67,77,53,73,37,25,65,71,61,67,30,28,25,30,25,1894,4,7,12,46,8,0,78,74,€7.5M
253,205407,Daniele Baselli,26,Italy,Torino,Right,2,3,4,6'0,154lbs,74,67,64,82,73,80,79,73,78,83,75,69,79,75,75,76,69,75,67,81,65,68,75,80,71,74,67,65,63,34,27,1853,4,1,11,41,5,0,82,79,€15.5M
254,205569,James Ward Prowse,23,England,Southampton,Right,2,3,3,5'8,146lbs,89,61,57,84,51,73,88,83,82,82,66,57,75,74,77,74,66,78,57,70,67,65,65,82,80,79,62,65,62,26,21,1843,7,0,15,31,4,0,82,77,€12M
255,205632,Lucas Ocampos,23,Argentina,Olympique de Marseille,Right,2,3,4,6'2,185lbs,75,75,75,75,75,74,69,65,70,76,78,79,77,82,58,77,76,85,78,72,83,67,73,73,70,74,63,52,48,34,31,2083,4,8,23,62,11,0,82,77,€12M
256,205686,Teji Savanier,26,France,Nîmes Olympique,Right,1,3,3,5'7,137lbs,69,62,36,75,47,71,73,78,71,72,78,73,83,81,86,72,31,78,56,69,73,58,64,75,70,63,63,51,47,32,32,2416,6,13,23,65,7,1,75,72,€3.8M
257,205693,Sebastian Haller,24,France,Eintracht Frankfurt,Right,1,2,3,6'3,201lbs,40,84,80,70,79,72,52,46,35,79,68,76,68,82,53,77,80,72,91,64,74,30,84,72,88,74,36,51,46,29,23,1560,15,9,28,49,3,0,83,80,€19M
258,205850,Leonardo Pavoletti,29,Italy,Cagliari,Right,2,3,3,6'2,187lbs,33,81,93,64,80,66,49,28,36,74,66,63,65,76,59,80,86,66,84,56,60,24,80,52,64,73,49,21,17,32,31,2080,16,1,36,80,6,0,78,78,€10.5M
259,206113,Serge Gnabry,22,Germany,FC Bayern München,Right,2,4,4,5'9,165lbs,74,81,46,79,83,87,64,62,68,83,92,90,87,80,88,85,64,68,68,81,63,38,80,74,68,74,45,48,45,30,21,1498,10,5,34,65,0,0,88,83,€34.5M
260,206141,Kalifa Coulibaly,26,Mali,FC Nantes,Right,1,3,3,6'6,192lbs,63,70,77,66,68,63,46,39,49,66,55,55,45,69,34,73,34,61,83,63,62,22,69,61,68,67,18,24,23,32,19,1496,8,1,19,56,5,0,70,70,€1.9M
261,206467,Alassane Plea,25,France,Borussia Mönchengladbach,Right,2,3,4,5'11,174lbs,78,82,73,76,81,78,78,74,68,79,78,77,79,81,78,83,75,82,77,81,63,39,83,78,65,76,29,40,30,34,28,1941,12,4,41,82,2,0,83,81,€22M
262,206626,Mikael Ishak,25,Sweden,1. FC Nürnberg,Right,1,5,3,6'1,179lbs,57,74,72,70,65,69,38,31,43,71,66,66,65,66,64,76,81,68,84,67,66,30,76,59,63,56,24,43,46,29,22,1325,4,3,14,34,1,0,76,73,€5M
263,207494,Jesse Lingard,25,England,Manchester United,Right,2,3,4,5'9,137lbs,74,78,64,78,70,83,80,63,66,83,84,82,86,83,86,80,63,87,53,80,73,53,86,82,65,84,65,50,44,27,19,1313,4,2,15,32,3,0,83,82,€26.5M
264,207664,Carlos Bacca,31,Colombia,Villarreal CF,Right,3,2,3,5'11,170lbs,60,84,75,68,78,80,69,58,55,80,73,75,73,80,77,80,74,66,74,60,58,34,90,68,80,78,40,16,14,33,12,898,6,1,15,27,3,0,81,81,€16M
265,207790,Kaan Ayhan,23,Turkey,Fortuna Düsseldorf,Right,1,4,3,6'0,185lbs,68,35,69,74,41,64,82,74,71,68,65,66,67,75,64,83,86,68,77,71,75,74,50,65,47,75,75,76,73,28,28,1762,4,1,9,21,10,0,80,75,€7.5M
266,207791,Yussuf Poulsen,24,Denmark,RB Leipzig,Right,2,3,3,6'4,172lbs,69,72,84,74,68,75,71,43,48,71,79,79,75,79,55,73,83,87,78,58,84,48,80,65,59,68,55,59,33,31,27,1856,15,3,27,62,2,0,80,78,€13M
267,207807,Ryan Fraser,24,Scotland,Bournemouth,Right,1,4,3,5'4,132lbs,74,70,30,73,43,81,70,67,60,75,90,87,94,72,96,60,60,72,42,69,65,45,72,74,60,68,45,53,42,38,35,2400,7,14,27,50,2,0,81,77,€11.5M
268,207948,Bertrand Traore,22,Burkina Faso,Olympique Lyonnais,Left,2,1,4,5'11,161lbs,65,75,64,77,75,85,80,74,69,87,85,90,88,75,71,76,78,75,64,66,60,45,79,74,69,73,38,40,37,34,24,1327,7,2,28,61,5,0,83,78,€14M
269,208093,Gerard Moreno,26,Spain,Villarreal CF,Left,1,4,4,5'11,170lbs,61,83,80,78,79,78,71,56,56,81,77,80,70,82,69,81,72,72,74,77,55,40,83,58,73,72,43,41,41,35,25,1508,8,1,34,73,3,0,85,83,€32M
270,208128,Hakan Calhanoglu,24,Turkey,Milan,Right,3,4,4,5'10,168lbs,81,65,53,83,77,85,92,90,80,86,73,69,78,78,77,86,46,76,54,88,57,61,75,80,71,78,62,56,56,36,34,2345,3,6,26,107,3,0,84,80,€19.5M
271,208135,Abdoulaye Doucoure,25,France,Watford,Right,2,3,3,6'0,168lbs,68,73,66,82,68,78,41,42,74,80,63,70,60,74,69,84,72,93,81,75,78,82,73,76,54,74,79,83,75,35,34,2252,5,4,17,49,7,0,85,81,€19.5M
272,208268,Bryan Cristante,23,Italy,Roma,Right,2,3,3,6'1,176lbs,68,68,70,83,67,78,65,64,78,81,63,58,64,74,54,74,58,69,70,74,64,66,76,76,58,70,70,69,66,35,26,2085,4,3,11,42,10,0,86,78,€15M
273,208306,Mariusz Stepinski,23,Poland,Chievo Verona,Right,1,4,3,6'0,159lbs,51,77,74,71,63,71,51,34,54,70,73,69,77,69,71,71,73,53,59,64,50,32,76,59,62,60,53,18,17,35,27,1789,6,2,15,60,5,0,80,73,€5.5M
274,208333,Emre Can,24,Germany,Juventus,Right,2,4,3,6'0,181lbs,70,60,72,81,61,76,68,65,80,81,69,73,73,78,71,81,76,85,83,75,85,81,73,79,60,74,82,81,80,29,20,1470,4,1,8,28,7,0,85,80,€19.5M
275,208448,Emil Forsberg,26,Sweden,RB Leipzig,Right,2,4,4,5'10,163lbs,84,70,45,85,67,82,81,77,69,87,76,70,81,82,82,73,53,74,62,74,62,43,75,83,66,77,35,26,17,20,14,750,4,7,13,28,0,0,83,82,€26M
276,208451,Robin Quaison,24,Sweden,1. FSV Mainz 05,Right,1,3,3,6'0,170lbs,67,70,56,74,67,77,64,56,69,77,79,78,72,73,75,70,55,78,74,72,54,55,73,68,59,69,39,57,54,28,25,1706,7,3,16,45,1,0,78,74,€7.5M
277,208535,Alfred Duncan,25,Ghana,Sassuolo,Left,2,3,3,5'10,172lbs,73,50,68,79,58,71,64,50,74,74,77,71,73,77,70,80,78,80,72,75,86,79,68,67,44,76,73,79,74,26,21,1401,4,4,11,26,7,1,80,75,€8.5M
278,208574,Filip Kostic,25,Serbia,Eintracht Frankfurt,Left,2,2,3,6'0,181lbs,79,64,48,64,68,83,79,75,59,80,89,84,77,76,72,77,66,74,74,69,65,41,74,72,64,77,33,34,47,34,33,2331,6,10,17,61,4,0,78,77,€10.5M
279,208596,Andrea Belotti,24,Italy,Torino,Right,3,5,3,5'11,159lbs,42,88,84,68,80,78,64,56,42,75,78,79,79,76,75,81,83,83,84,67,83,31,85,61,77,75,55,23,32,37,37,2512,15,2,49,125,5,0,87,82,€30M
280,208722,Sadio Mane,26,Senegal,Liverpool,Right,3,4,4,5'9,152lbs,73,84,62,79,71,87,74,64,71,86,95,93,91,86,86,82,75,84,67,74,73,35,87,82,71,80,42,42,38,36,35,2384,22,1,43,87,2,0,87,86,€52M
281,208787,Adrien Thomasson,24,France,RC Strasbourg Alsace,Right,1,4,4,5'10,159lbs,70,67,63,78,64,74,71,54,73,77,68,74,76,71,83,76,70,67,54,74,62,65,71,76,57,76,57,66,55,34,28,1838,5,8,17,51,4,0,77,75,€8M
282,208830,Jamie Vardy,31,England,Leicester City,Right,3,3,3,5'10,163lbs,64,85,69,65,82,76,60,57,48,76,89,91,75,88,76,85,76,86,67,67,92,49,85,72,81,82,56,52,51,34,30,2215,18,4,39,77,3,1,82,82,€20M
283,208920,Nathan Ake,23,Netherlands,Bournemouth,Left,1,3,2,5'11,165lbs,63,45,74,77,52,67,62,59,73,73,75,74,68,79,69,63,86,73,75,56,72,78,53,65,48,72,79,81,80,38,38,2602,4,0,7,22,3,0,84,79,€14.5M
284,209288,Florent Mollet,26,France,Montpellier HSC,Right,1,4,4,5'7,148lbs,68,67,41,77,60,74,69,77,75,76,78,76,79,67,88,85,54,74,49,80,52,52,70,77,63,73,50,49,44,32,31,2133,6,4,33,82,5,0,77,76,€9M
285,209331,Mohamed Salah,26,Egypt,Liverpool,Left,3,3,4,5'9,157lbs,78,90,59,82,73,89,83,60,72,88,94,91,91,91,88,77,68,84,70,83,63,55,90,82,61,91,38,43,41,38,37,2497,22,7,66,139,1,0,89,88,€69.5M
286,209430,Renaud Ripart,25,France,Nîmes Olympique,Right,1,3,3,5'11,161lbs,68,71,64,65,71,70,65,55,61,72,72,78,66,67,66,75,64,76,68,72,50,37,70,60,69,61,55,36,31,38,34,2239,8,4,23,61,2,0,72,70,€2.2M
287,209658,Leon Goretzka,23,Germany,FC Bayern München,Right,3,4,3,6'2,174lbs,75,72,75,84,68,81,76,75,79,83,84,79,76,83,70,77,67,86,70,78,80,83,77,82,60,80,70,79,78,30,23,1658,8,4,20,51,3,0,88,83,€34M
288,209781,Pierrick Capelle,31,France,Angers SCO,Left,1,4,3,5'11,161lbs,76,68,55,75,79,76,75,77,73,76,74,75,78,75,67,74,69,78,67,78,71,74,77,73,63,64,69,68,67,26,21,1147,3,3,7,27,2,0,75,75,€4.4M
289,210047,Fabian Schar,26,Switzerland,Newcastle United,Right,2,4,2,6'2,185lbs,65,60,79,73,53,64,65,66,74,69,60,50,64,75,61,76,88,69,77,65,72,76,66,68,78,70,73,74,73,24,22,1925,4,1,8,26,12,0,80,75,€7.5M
290,210315,Raul De Tomas,23,Spain,Rayo Vallecano,Right,1,3,3,5'11,159lbs,50,79,74,68,75,69,53,73,42,72,66,73,72,69,75,81,78,65,80,78,54,22,75,48,75,62,53,16,20,33,32,2307,14,1,48,109,5,0,83,76,€11M
291,210406,Piotr Zielinski,24,Poland,Napoli,Right,3,5,4,5'11,165lbs,77,65,52,82,70,84,80,65,79,85,82,84,79,76,76,76,54,72,54,80,56,75,77,82,51,75,69,72,71,36,33,2196,6,2,29,83,6,0,88,81,€24.5M
292,210537,Renato Steffen,26,Switzerland,VfL Wolfsburg,Left,1,3,3,5'7,143lbs,73,69,61,74,77,75,78,72,67,76,87,86,90,71,80,75,75,79,58,74,67,38,68,71,55,75,48,32,35,31,18,1006,5,1,8,27,4,0,75,75,€7M
293,210617,Samu Castillejo,23,Spain,Milan,Left,2,2,4,6'0,148lbs,81,77,43,80,58,85,78,75,77,83,85,86,83,82,78,78,63,55,50,73,48,50,81,81,59,71,45,43,25,31,8,885,4,2,14,29,3,0,86,82,€29M
294,210665,Marcel Halstenberg,26,Germany,RB Leipzig,Left,2,3,3,6'2,181lbs,79,57,78,76,55,69,77,74,62,74,66,69,65,76,59,79,83,79,78,67,73,74,61,54,67,70,80,79,74,28,27,2140,3,6,10,25,2,0,79,78,€10M
295,210722,Julio Tavares,29,Cape Verde,Dijon FCO,Right,1,2,3,6'2,194lbs,30,75,79,69,68,66,56,30,42,74,66,55,69,76,49,76,59,69,86,68,49,23,76,61,68,71,28,24,21,36,31,2134,5,3,20,58,4,0,75,75,€6.5M
296,210724,Callum Paterson,23,Scotland,Cardiff City,Right,1,3,3,6'2,168lbs,70,70,78,68,68,66,48,32,68,67,72,79,66,77,59,72,93,91,83,63,85,66,74,71,46,58,67,69,68,27,21,1570,4,1,8,39,4,0,77,71,€3.2M
297,210896,Morgan Sanson,23,France,Olympique de Marseille,Right,2,4,4,5'11,161lbs,78,74,69,80,70,77,75,70,84,79,77,74,79,80,69,79,75,79,76,73,72,77,77,82,68,75,71,73,76,33,27,1704,5,3,12,37,9,0,85,80,€19.5M
298,210935,Domenico Berardi,23,Italy,Sassuolo,Left,2,3,4,6'0,159lbs,74,74,62,75,78,80,70,73,75,85,79,79,87,73,73,83,66,70,65,79,85,26,77,71,74,74,45,30,30,35,32,2263,8,4,32,125,5,1,83,78,€14M
299,211110,Paulo Dybala,24,Argentina,Juventus,Left,3,3,4,5'10,165lbs,82,84,68,87,88,92,88,88,75,92,87,83,91,86,85,82,75,80,65,88,48,32,84,87,86,84,23,20,20,30,24,1618,5,3,22,65,2,0,94,89,€89M
300,211117,Dele Alli,22,England,Tottenham Hotspur,Right,3,3,4,6'2,176lbs,69,83,77,85,79,83,75,68,80,85,73,76,76,85,62,78,67,90,71,80,84,74,86,85,74,86,70,70,63,25,22,1470,5,2,19,40,4,0,90,84,€42.5M
301,211300,Anthony Martial,22,France,Manchester United,Right,3,3,4,6'0,168lbs,76,84,69,77,74,87,84,54,60,86,88,89,85,81,81,84,74,75,75,80,58,42,83,73,81,79,38,39,36,27,18,1272,10,2,22,39,2,0,90,84,€42.5M
302,211321,Moussa Konate,25,Senegal,Amiens SC,Right,1,4,3,6'0,172lbs,60,76,76,62,65,73,46,37,36,73,84,88,79,76,70,73,85,71,74,57,37,24,76,56,78,68,12,17,15,27,21,1124,7,2,17,49,2,0,80,76,€10M
303,211354,Marco Benassi,23,Italy,Fiorentina,Right,2,3,3,6'0,176lbs,70,66,68,80,70,78,68,64,76,78,67,68,74,72,68,80,68,79,75,76,74,72,76,74,52,72,71,74,70,32,29,1764,7,1,20,55,6,1,82,77,€11.5M
304,211381,Sofiane Boufal,24,Morocco,RC Celta,Right,2,4,4,5'9,148lbs,69,68,35,75,70,86,71,63,66,86,84,79,89,68,84,71,34,67,40,65,47,19,72,75,69,69,16,40,32,35,25,1854,3,3,17,52,6,0,80,77,€11.5M
305,211527,Alex Gallar,26,Spain,SD Huesca,Left,1,4,3,5'9,157lbs,72,75,55,71,58,76,76,80,70,71,73,76,75,62,72,69,63,73,65,71,42,27,69,68,74,66,58,36,25,25,10,404,4,1,11,28,2,0,74,73,€4.7M
306,211591,Moussa Dembele,21,France,Olympique Lyonnais,Right,1,2,4,6'0,163lbs,50,76,73,68,67,75,69,35,41,77,79,84,77,71,64,75,81,69,86,62,69,22,75,64,82,76,39,14,16,33,21,1657,15,4,38,84,1,0,85,76,€12M
307,211748,Kerem Demirbay,24,Germany,TSG 1899 Hoffenheim,Left,2,4,4,6'0,159lbs,72,72,46,82,59,82,85,80,80,84,67,67,77,81,77,75,72,74,67,75,69,57,78,81,70,77,65,59,53,26,24,1808,4,9,16,58,6,0,84,80,€19.5M
308,211862,Andre Hahn,27,Germany,FC Augsburg,Right,2,4,3,6'1,174lbs,78,76,74,72,74,64,54,52,57,66,69,76,62,77,61,81,82,88,81,76,79,50,78,69,50,64,45,56,48,28,21,1418,4,4,14,35,7,0,73,73,€4.2M
309,211899,Florian Niederlechner,27,Germany,SC Freiburg,Right,1,4,3,6'2,190lbs,54,79,69,64,73,71,59,44,48,68,68,75,67,74,62,81,64,77,78,72,80,35,77,59,66,69,27,35,28,24,12,549,4,1,18,31,3,0,75,75,€7M
310,211927,Kwon Chang-Hoon,24,Korea Republic,Dijon FCO,Left,1,3,4,5'9,154lbs,74,72,64,76,63,75,75,66,70,78,76,73,80,77,84,75,50,71,53,76,72,61,70,75,55,76,41,54,53,20,10,946,3,0,7,19,1,0,79,75,€8.5M
311,211999,Rani Khedira,24,Germany,FC Augsburg,Right,1,3,2,6'2,185lbs,42,34,67,77,29,57,38,41,67,68,54,59,59,65,57,58,66,79,79,51,79,74,43,59,46,66,69,78,72,30,30,1916,4,1,5,12,6,0,77,74,€6M
312,212023,Robert Beric,27,Slovenia,AS Saint-Étienne,Right,2,3,3,6'2,183lbs,52,80,73,72,69,67,65,56,65,72,64,58,58,71,58,73,71,70,77,67,65,38,82,70,71,71,38,30,23,23,12,1074,9,1,20,34,0,0,76,75,€8M
313,212096,Vincenzo Grifo,25,Italy,TSG 1899 Hoffenheim,Right,1,2,4,5'11,165lbs,82,72,47,73,70,83,84,80,63,84,74,66,78,72,79,81,52,72,62,76,52,45,73,70,65,72,50,31,30,23,19,-,7,4,17,54,0,0,79,77,€11M
314,212153,Roberto Gagliardini,24,Italy,Inter,Right,2,2,3,6'3,170lbs,64,54,73,78,68,75,68,38,75,77,68,68,64,72,62,76,64,85,71,73,74,80,68,73,40,74,77,78,76,19,13,838,5,0,11,23,4,0,82,78,€11.5M
315,212187,Philipp Max,24,Germany,FC Augsburg,Left,1,3,3,5'10,170lbs,91,40,59,77,43,73,80,74,72,78,78,85,77,79,74,75,66,85,66,46,72,69,62,70,41,71,69,74,75,30,30,1855,4,2,12,22,1,0,81,78,€11M
316,212188,Timo Werner,22,Germany,RB Leipzig,Right,3,4,3,5'11,165lbs,69,87,76,77,82,83,62,56,55,84,93,93,81,86,76,74,78,83,59,67,63,37,85,61,72,74,39,20,19,30,29,1909,16,7,39,102,1,0,87,83,€34.5M
317,212194,Julian Brandt,22,Germany,Bayer 04 Leverkusen,Right,2,4,4,6'1,185lbs,77,78,42,82,66,87,72,59,69,85,78,84,82,80,78,80,63,73,69,78,42,29,78,83,54,69,38,20,24,33,30,2093,7,13,27,65,0,0,88,82,€30.5M
318,212267,Ivan Cavaleiro,24,Portugal,Wolverhampton Wanderers,Right,1,4,4,5'9,176lbs,72,70,61,68,62,79,74,56,63,78,86,87,77,71,75,78,46,64,75,67,68,37,72,72,72,62,25,46,36,23,6,626,3,1,4,12,1,0,78,75,€8.5M
319,212350,Lois Diony,25,France,AS Saint-Étienne,Right,2,3,3,6'0,181lbs,67,73,69,68,66,72,57,48,44,70,78,78,69,67,73,80,71,71,78,68,68,21,72,68,68,71,18,23,15,30,19,974,5,1,20,42,3,0,76,73,€5M
320,212613,Wesley Said,23,France,Dijon FCO,Right,1,2,3,5'7,165lbs,63,72,62,77,67,76,58,38,66,75,77,79,83,75,88,72,60,60,52,69,43,22,73,61,61,67,28,25,23,36,27,1982,5,2,27,60,4,0,79,73,€5.5M
321,212616,Rodrigo De Paul,24,Argentina,Udinese,Right,1,3,4,5'10,154lbs,76,68,50,78,57,83,80,68,72,81,78,74,78,72,72,78,58,70,68,79,56,28,75,75,70,76,24,44,40,36,36,2387,9,8,31,85,7,0,83,77,€12M
322,212623,Santi Mina,22,Spain,Valencia CF,Right,1,4,3,5'11,170lbs,73,82,76,69,70,81,69,55,65,80,77,81,78,80,75,78,74,75,73,74,69,52,82,65,67,69,48,46,49,30,23,1671,7,5,22,41,4,0,85,80,€20M
323,212755,Jeff Hendrick,23,Netherlands,PSV,Left,1,3,2,5'11,165lbs,59,54,73,76,54,70,52,45,83,75,72,69,73,74,74,72,78,85,73,57,80,78,69,66,54,77,75,73,75,32,25,1588,3,0,5,19,4,0,82,77,€10M
324,212886,Wylan Cyprien,23,France,OGC Nice,Right,2,3,4,5'11,165lbs,74,77,67,78,64,78,78,82,74,78,76,77,80,70,75,82,78,79,78,79,78,76,72,76,53,79,74,77,68,29,27,1730,4,1,22,52,1,0,84,77,€12.5M
325,213296,Nabil Bentaleb,23,Algeria,FC Schalke 04,Left,2,2,4,6'2,172lbs,65,62,51,80,67,82,69,62,76,81,66,64,75,76,71,83,53,75,72,79,74,77,68,80,81,79,65,71,60,25,19,1211,3,0,7,20,4,0,83,78,€13.5M
326,213345,Kingsley Coman,22,France,FC Bayern München,Right,2,3,5,5'10,157lbs,81,76,52,77,77,88,84,70,63,83,95,93,87,81,84,77,75,76,61,73,36,23,79,75,70,75,29,17,15,21,17,1341,6,5,19,31,2,0,87,83,€34M
327,213388,Flavien Tait,25,France,Angers SCO,Right,1,3,3,5'9,154lbs,75,68,42,77,63,79,70,66,72,76,77,72,74,74,79,70,52,72,51,72,56,27,73,76,53,74,30,36,33,36,34,2293,5,7,41,87,2,0,78,75,€8.5M
328,213629,Erick Pulgar,24,Chile,Bologna,Right,1,2,3,6'1,183lbs,58,44,69,78,54,74,58,58,72,78,67,67,68,72,68,72,79,84,77,66,76,72,58,74,60,74,80,78,74,28,27,2036,6,2,12,37,6,1,82,77,€10M
329,213648,Pierre Hojbjerg,22,Denmark,Southampton,Right,2,4,3,6'1,185lbs,66,58,63,79,60,75,69,70,74,79,59,64,68,75,65,78,63,74,75,69,78,74,64,74,51,69,70,74,64,31,31,2147,4,3,19,51,7,1,81,76,€10M
330,213655,Alex Iwobi,22,Nigeria,Arsenal,Right,1,3,4,6'1,165lbs,67,64,42,81,48,84,50,40,63,84,80,77,76,75,75,67,47,74,70,54,46,24,75,80,59,72,30,26,23,35,22,1646,3,6,14,34,0,0,84,78,€14M
331,213666,Ruben Loftus-Cheek,22,England,Chelsea,Right,1,3,4,6'3,194lbs,62,63,58,83,54,82,58,57,81,81,68,74,73,64,67,64,59,75,80,60,79,57,79,79,45,78,59,67,61,24,6,949,6,1,8,27,0,0,85,77,€13M
332,214097,Benjamin Bourigeaud,24,France,Stade Rennais FC,Right,1,3,4,5'10,150lbs,78,70,53,79,63,75,75,78,75,77,73,70,70,78,69,77,71,77,65,76,72,71,74,76,76,76,38,68,63,34,28,1728,6,5,17,42,5,0,81,77,€11.5M
333,214997,Angel Correa,23,Argentina,Atlético Madrid,Right,1,4,4,5'7,150lbs,74,82,67,73,79,87,82,65,65,87,87,82,87,82,83,80,50,74,63,83,41,48,82,78,55,74,58,53,44,36,20,1477,3,3,11,32,7,1,87,81,€24.5M
334,215245,Adrien Hunou,24,France,Stade Rennais FC,Right,1,3,3,5'9,146lbs,66,74,55,75,67,74,68,62,67,74,74,75,78,69,74,72,64,74,65,64,69,65,67,69,56,70,36,62,65,19,14,1229,7,1,15,26,1,0,78,73,€5.5M
335,215330,Joaquin Correa,23,Argentina,Lazio,Right,1,4,4,6'2,170lbs,74,74,43,78,75,85,79,63,69,83,76,79,82,70,61,76,32,75,74,71,48,36,74,75,57,73,39,37,26,34,18,1622,5,6,32,72,5,0,83,78,€14M
336,215333,Duvan Zapata,27,Colombia,Atalanta,Right,2,4,3,6'2,194lbs,44,81,78,64,76,72,48,62,38,76,68,75,64,74,58,86,79,66,91,64,60,20,78,46,68,76,52,24,22,37,32,2292,23,7,53,119,5,0,79,78,€12M
337,215334,Guido Carrillo,27,Argentina,CD Leganés,Right,1,3,3,6'3,192lbs,34,75,83,64,76,70,46,36,57,74,57,62,66,71,62,75,78,71,79,72,72,34,78,59,77,70,43,29,26,32,23,1409,6,1,19,52,5,0,76,75,€8M
338,215353,Lucas Alario,25,Argentina,Bayer 04 Leverkusen,Right,2,3,3,6'0,172lbs,48,84,81,69,76,75,49,43,48,79,71,73,72,71,71,75,90,71,78,62,72,22,85,65,75,74,22,27,20,27,11,755,9,3,18,39,1,0,82,79,€16M
339,215441,Sehrou Guirassy,22,France,1. FC Köln,Right,1,3,3,6'2,181lbs,54,71,69,66,64,74,56,67,47,75,71,74,68,60,66,72,73,57,77,56,70,29,71,59,56,64,37,29,34,13,13,1114,3,1,10,24,0,1,79,71,€3.5M
340,215590,Ayoze Perez,24,Spain,Newcastle United,Right,1,4,4,5'10,159lbs,48,78,66,71,77,82,79,60,51,78,77,75,83,76,78,66,71,77,53,64,70,35,80,71,73,73,45,42,28,37,34,2258,12,2,26,54,2,0,81,76,€10.5M
341,215689,Andrea Petagna,23,Italy,SPAL,Left,1,3,3,6'3,187lbs,58,75,77,75,62,75,54,40,56,78,52,68,56,72,62,76,69,74,92,56,60,18,78,70,65,71,57,20,15,36,35,2247,16,1,42,88,8,0,81,76,€10.5M
342,215716,Aleksandar Mitrovic,23,Serbia,Fulham,Right,1,4,3,6'2,181lbs,29,78,84,67,76,66,39,52,43,74,60,64,67,77,63,82,81,64,88,70,89,14,82,68,66,76,25,24,13,37,37,2471,11,3,49,131,7,0,82,77,€12M
343,215785,Keita Balde,23,Senegal,Inter,Right,2,4,4,5'11,176lbs,75,78,58,76,68,83,70,52,64,85,92,92,82,76,78,78,67,73,76,74,54,31,77,72,60,79,17,29,28,24,8,590,5,2,17,29,1,0,85,80,€20M
344,215798,Maxwel Cornet,21,Ivory Coast,Olympique Lyonnais,Left,1,5,3,5'10,152lbs,67,75,68,73,67,74,68,65,53,74,87,87,81,69,78,80,71,82,68,75,58,35,76,66,64,65,34,31,29,27,12,1122,7,5,24,46,2,0,80,75,€9M
345,215914,N'Golo Kante,27,France,Chelsea,Right,3,3,2,5'6,159lbs,68,65,54,86,56,79,49,49,81,80,82,78,82,93,92,71,77,96,76,69,90,92,71,79,54,85,90,91,85,36,36,2285,4,4,6,30,3,0,90,89,€63M
346,216145,Armando Izzo,26,Italy,Torino,Right,1,4,2,6'0,172lbs,35,19,74,60,20,53,26,26,57,67,68,68,65,76,60,50,72,63,73,44,78,78,16,33,37,76,77,79,78,37,37,2475,4,1,8,20,6,0,81,76,€8.5M
347,216201,Inaki Williams,24,Spain,Athletic Club de Bilbao,Right,2,3,4,6'1,174lbs,78,77,70,79,68,82,49,53,66,81,92,94,80,78,55,85,86,75,85,78,66,21,76,75,64,71,52,38,31,38,36,2358,13,4,33,76,3,0,87,81,€24.5M
348,216258,Ihlas Bebou,24,Togo,Hannover 96,Right,1,3,4,6'0,170lbs,66,74,55,72,63,81,63,46,53,77,91,95,84,73,75,66,69,79,60,64,43,31,71,65,67,66,26,35,33,12,12,439,4,3,12,28,1,0,81,76,€10.5M
349,216354,Andrej Kramaric,27,Croatia,TSG 1899 Hoffenheim,Right,2,4,4,5'10,161lbs,75,86,69,79,84,87,79,74,53,86,78,72,82,81,82,82,69,76,68,80,73,21,84,66,88,79,35,20,26,30,28,1985,17,3,43,104,2,0,83,82,€26M
350,216388,Allan Saint-Maximin,21,France,OGC Nice,Right,2,4,4,5'8,148lbs,66,70,53,72,59,87,70,46,68,81,92,92,93,78,87,80,68,74,66,70,36,15,74,70,47,72,26,16,22,34,34,2034,6,3,19,74,2,0,86,79,€18M
351,216393,Youri Tielemans,21,Belgium,AS Monaco,Right,2,5,4,5'9,159lbs,76,73,57,78,78,76,84,74,78,81,52,53,67,75,76,88,65,73,69,86,70,71,74,81,76,81,66,72,69,20,20,904,5,1,9,35,5,0,87,78,€16M
352,216409,Matteo Politano,24,Italy,Inter,Left,2,4,4,5'7,148lbs,79,74,40,78,73,84,77,75,74,83,85,84,90,79,82,78,50,79,45,82,63,38,77,75,70,79,63,29,29,36,31,1975,5,6,23,78,4,1,84,81,€22.5M
353,216447,Alvaro Garcia,25,Spain,Rayo Vallecano,Left,1,3,3,5'6,130lbs,71,68,57,68,49,71,61,50,60,69,92,93,83,78,94,65,87,70,34,63,33,22,75,69,55,64,35,22,29,35,17,1435,4,2,10,26,3,0,75,74,€6.5M
354,216475,Luis Morales,30,Spain,Levante UD,Right,1,4,4,5'11,154lbs,79,80,54,75,64,87,82,72,68,83,88,88,78,75,80,76,62,82,60,80,58,59,77,75,76,83,63,54,45,37,35,2387,12,5,31,62,7,0,81,81,€17M
355,216594,Nabil Fekir,24,France,Olympique Lyonnais,Left,3,3,4,5'8,165lbs,83,82,49,83,77,90,81,79,75,89,79,79,90,80,91,84,69,80,82,82,73,28,81,81,81,89,31,37,25,29,24,1639,9,6,40,84,5,0,89,85,€50M
356,216816,Giovanni Simeone,22,Argentina,Fiorentina,Right,2,3,3,5'11,179lbs,40,80,80,68,72,76,69,60,55,76,79,78,76,76,74,79,84,74,72,66,70,24,80,60,71,76,51,29,26,36,27,1687,6,3,27,64,2,0,85,78,€15M
357,217870,Giovanni Di Lorenzo,24,Italy,Empoli,Right,1,3,3,6'0,181lbs,74,48,68,69,50,68,66,58,62,69,69,69,71,69,65,68,71,72,73,54,69,70,59,44,45,66,71,73,71,37,37,2520,5,3,9,19,8,0,76,72,€3.4M
358,218667,Bernardo Silva,23,Portugal,Manchester City,Left,2,3,4,5'8,141lbs,85,75,51,85,69,92,83,67,79,91,84,74,90,82,88,70,50,78,48,72,58,49,83,86,68,85,49,44,35,36,31,2161,7,7,23,61,3,0,91,86,€59.5M
359,219391,Gonzalo Escalante,25,Argentina,SD Eibar,Right,1,3,3,6'0,165lbs,62,56,58,74,59,67,63,52,73,72,71,72,66,72,70,79,76,84,73,58,85,78,61,71,64,74,73,80,77,32,18,1507,4,1,8,19,6,0,82,77,€10M
360,219455,Jonathan Calleri,24,Argentina,Deportivo Alavés,Right,1,2,4,5'11,170lbs,56,76,83,66,71,74,57,35,58,75,71,72,72,77,79,78,83,74,71,69,65,37,79,67,62,74,55,39,32,34,33,2446,9,2,22,73,6,0,82,77,€12M
361,219536,Ignacio Pussetto,22,Argentina,Udinese,Right,1,4,3,5'11,163lbs,65,78,67,68,64,80,43,42,67,77,79,78,77,68,66,74,71,78,74,67,33,12,79,55,69,69,25,18,25,35,24,1789,4,3,19,57,8,0,82,74,€8.5M
362,219571,Victor Camarasa,24,Spain,Cardiff City,Right,1,3,3,6'0,168lbs,60,67,57,78,59,74,57,66,75,77,65,55,66,72,69,76,72,73,74,69,73,70,72,76,56,69,70,73,68,32,31,1888,5,3,12,42,6,0,83,76,€10.5M
363,219733,Ludovic Ajorque,24,France,RC Strasbourg Alsace,Left,1,2,3,6'5,181lbs,31,74,77,45,48,67,47,30,34,73,51,49,58,63,30,73,64,73,84,63,43,28,75,56,69,56,17,20,17,25,18,1342,9,1,18,41,5,0,75,70,€2.4M
364,219953,Adri Embarba,26,Spain,Rayo Vallecano,Right,1,3,3,5'8,146lbs,71,72,45,78,53,76,62,65,76,72,76,79,79,76,78,69,61,77,61,68,56,49,75,79,62,61,41,52,49,36,27,1891,5,6,19,51,3,0,77,76,€9M
365,220018,Ante Rebic,24,Croatia,Eintracht Frankfurt,Right,1,3,3,6'1,172lbs,74,79,71,72,83,83,75,58,57,79,83,86,75,77,66,81,66,80,83,78,84,29,75,68,63,73,20,50,25,28,23,1789,9,4,28,61,3,0,82,79,€16M
366,220085,Luca Waldschmidt,22,Germany,SC Freiburg,Left,1,3,3,5'11,165lbs,59,73,57,74,63,72,64,62,56,70,76,77,79,71,73,77,63,68,61,69,44,28,76,73,72,63,33,19,18,30,16,1388,9,1,31,62,1,0,79,73,€5.5M
367,220093,Hans Hateboer,24,Netherlands,Atalanta,Right,1,2,3,6'2,163lbs,77,55,63,75,52,77,41,30,70,75,76,82,64,74,64,72,74,86,72,58,71,65,67,67,47,67,73,77,75,35,33,2393,5,5,12,30,5,0,80,75,€9M
368,220196,David Brooks,20,Wales,Bournemouth,Left,1,3,4,6'0,137lbs,66,68,40,74,50,77,61,48,64,75,73,76,85,72,79,60,59,70,45,55,44,34,68,74,58,76,28,31,28,30,29,1725,7,5,23,42,3,0,85,73,€7M
369,220253,Munir El Haddadi,22,Spain,FC Barcelona,Left,2,2,4,5'9,152lbs,65,78,75,77,75,81,70,67,58,80,78,80,78,71,78,76,63,69,63,77,48,22,77,71,66,76,38,24,22,23,13,93,6,2,13,36,0,0,83,77,€12.5M
370,220633,Demarai Gray,22,England,Leicester City,Right,1,3,3,5'11,163lbs,69,68,31,69,54,84,70,58,60,79,88,87,88,70,79,81,52,68,59,71,41,25,69,72,58,62,29,30,23,34,23,1553,4,1,18,47,2,0,83,76,€11M
371,220697,James Maddison,21,England,Leicester City,Right,1,4,4,5'9,161lbs,74,69,30,78,69,77,78,79,72,82,77,74,85,68,78,83,54,67,40,73,56,45,69,81,74,76,37,40,34,36,35,2127,7,7,28,84,3,0,85,77,€13M
372,221168,Dawid Kownacki,21,Poland,Sampdoria,Right,1,3,3,6'2,165lbs,54,72,66,66,59,66,52,32,59,68,77,69,72,66,62,68,68,72,67,57,58,42,75,62,72,68,20,18,16,10,7,576,4,0,5,12,2,0,82,70,€3.2M
373,221479,Dominic Calvert-Lewin,21,England,Everton,Right,1,3,3,6'2,157lbs,63,69,75,65,63,76,51,42,40,74,78,86,73,71,64,76,78,75,73,61,68,34,71,60,54,64,38,31,23,35,19,1438,6,2,18,49,3,0,83,74,€9M
374,221701,Gabriel Boschilia,22,Brazil,FC Nantes,Left,1,3,3,5'8,139lbs,69,73,55,75,62,80,78,84,69,79,76,73,79,65,81,76,59,64,43,81,47,27,68,73,59,65,46,48,56,29,14,861,4,4,17,40,1,0,82,76,€10.5M
375,221740,Enzo Crivelli,23,France,Stade Malherbe Caen,Right,1,3,2,6'0,174lbs,49,76,78,73,65,65,59,49,59,74,40,54,60,73,41,78,74,72,85,64,87,25,78,64,62,68,24,26,23,33,28,1861,6,1,10,20,7,0,80,74,€8M
376,222148,Ondrej Duda,23,Slovakia,Hertha BSC,Right,1,4,4,5'11,163lbs,62,77,49,76,70,79,68,75,69,80,70,67,76,72,75,75,70,78,55,53,60,26,68,75,56,78,63,58,44,32,30,1870,11,5,21,54,7,0,82,75,€9.5M
377,222331,Lukas Klostermann,22,Germany,RB Leipzig,Right,1,3,2,6'2,183lbs,65,45,72,71,33,65,37,22,55,70,79,90,63,72,60,51,82,74,74,31,62,75,63,53,26,63,74,74,72,26,22,1900,5,0,6,12,1,0,82,75,€8M
378,222357,Breel Embolo,21,Switzerland,FC Schalke 04,Right,2,4,3,6'1,190lbs,59,74,69,72,64,78,65,51,70,74,76,79,69,73,73,76,73,71,83,62,63,41,78,69,66,73,26,28,22,20,15,1066,5,1,13,24,4,0,86,76,€12.5M
379,222492,Leroy Sane,22,Germany,Manchester City,Left,2,3,4,6'0,165lbs,83,81,72,79,85,88,82,68,64,85,93,96,88,81,81,86,64,79,70,78,61,34,84,82,71,78,36,32,35,31,21,1480,10,10,24,56,1,0,92,86,€61M
380,222501,Timothy Castagne,22,Belgium,Atalanta,Right,1,3,3,6'1,176lbs,76,52,59,71,40,73,54,33,68,73,69,72,70,68,66,62,70,84,63,52,66,66,62,62,27,62,73,72,70,28,21,1550,4,3,9,17,3,0,78,71,€3.3M
381,222509,Dani Ceballos,21,Spain,Real Madrid,Right,1,3,4,5'10,154lbs,74,68,41,83,62,85,73,63,80,85,73,67,82,80,79,64,52,75,62,71,76,76,76,83,55,80,62,75,74,23,13,870,3,0,6,23,3,0,88,81,€25M
382,222943,Jony,26,Spain,Deportivo Alavés,Left,1,3,4,5'10,168lbs,79,70,44,76,56,74,81,76,72,75,87,85,86,73,79,67,36,71,69,66,60,52,76,77,59,73,55,51,46,36,34,2279,5,12,25,55,3,0,77,77,€9.5M
383,223113,Krzysztof Piatek,23,Poland,Genoa,Right,1,2,3,6'0,170lbs,51,77,73,64,43,66,47,40,35,73,76,75,72,68,61,74,81,76,74,63,33,31,78,52,69,69,33,38,24,37,34,-,22,0,52,111,3,0,80,74,€8M
384,223197,Enes Unal,21,Turkey,Real Valladolid CF,Right,1,4,3,6'1,165lbs,56,78,72,73,74,76,68,66,47,77,75,74,74,68,68,82,70,71,79,79,43,29,77,59,69,75,34,33,24,33,24,1673,6,3,17,51,7,0,83,77,€12.5M
385,223273,Mario Pasalic,23,Croatia,Atalanta,Right,1,4,4,6'2,183lbs,68,66,65,78,69,77,69,59,74,79,60,66,69,74,54,77,69,78,78,75,76,72,70,74,61,74,61,72,64,33,17,1113,5,3,10,35,1,0,83,76,€10.5M
386,223334,Joelinton,21,Brazil,TSG 1899 Hoffenheim,Right,1,4,3,6'1,190lbs,44,75,72,72,64,76,52,38,56,74,77,79,73,69,69,72,75,69,84,60,63,45,74,64,61,70,29,44,38,28,25,1602,7,5,23,55,5,0,80,75,€9M
387,223578,Jaime Mata,29,Spain,Getafe CF,Right,1,3,3,6'2,172lbs,62,81,72,61,69,70,55,48,49,72,72,76,66,72,36,76,64,76,81,71,73,19,81,56,76,70,29,28,29,34,27,2068,14,7,25,59,10,0,76,76,€7.5M
388,223581,Borja Iglesias,29,Uruguay,Clermont Foot 63,Right,1,3,3,5'7,152lbs,62,58,44,71,56,64,54,55,68,68,62,68,72,65,81,63,54,82,61,52,58,62,50,71,49,64,65,65,59,37,35,2372,17,3,39,87,5,0,67,67,€600K
389,223689,Wout Weghorst,25,Netherlands,VfL Wolfsburg,Right,1,3,3,6'6,185lbs,42,81,84,70,67,64,40,37,48,76,53,69,64,79,44,80,79,84,86,62,73,34,82,62,73,78,37,23,26,34,33,2324,17,6,36,69,4,0,80,78,€13M
390,223697,Robin Gosens,23,Germany,Atalanta,Left,1,3,3,6'0,168lbs,73,59,57,73,60,74,70,58,70,73,76,74,68,70,66,72,91,78,65,66,68,64,60,64,50,60,74,72,70,28,23,1499,3,2,10,25,2,0,77,72,€4.2M
391,223848,Sergej Milinkovic-Savic,23,Serbia,Lazio,Right,2,4,4,6'3,168lbs,64,80,86,85,74,86,78,75,85,87,68,70,66,80,59,83,85,85,88,80,73,78,79,85,56,82,75,77,72,31,29,1744,5,3,25,77,7,1,90,85,€50.5M
392,223874,Valentin Rongier,23,France,FC Nantes,Right,2,3,3,5'8,154lbs,62,70,41,81,75,78,76,64,79,80,69,55,79,75,90,74,73,71,55,79,51,72,74,77,65,77,75,84,70,36,36,2328,4,5,18,73,3,0,83,78,€14M
393,223929,Aaron Leya Iseka,20,Belgium,Toulouse Football Club,Right,1,3,3,6'0,181lbs,66,73,67,61,69,71,62,45,42,71,83,84,73,62,74,75,84,68,74,72,59,26,63,59,68,72,16,25,24,28,15,873,4,0,13,27,2,1,78,71,€3.4M
394,224069,Karl Toko Ekambi,25,Cameroon,Villarreal CF,Right,2,4,3,6'1,163lbs,74,81,74,69,72,80,62,63,58,80,84,83,79,76,75,78,71,70,77,72,43,28,80,65,69,78,27,14,18,34,24,1711,10,0,31,57,5,0,80,79,€15M
395,224218,Francois Kamano,22,Guinea,FC Girondins de Bordeaux,Right,1,4,4,5'9,170lbs,72,76,49,70,67,79,70,58,55,75,90,89,79,72,78,73,55,71,58,74,59,24,76,69,66,71,34,33,29,37,29,1739,10,1,31,76,6,0,82,77,€12M
396,224293,Ruben Neves,21,Portugal,Wolverhampton Wanderers,Right,2,3,3,5'11,176lbs,75,61,51,84,74,73,79,83,85,80,64,64,65,77,70,83,68,78,70,83,82,75,61,83,62,83,69,74,69,35,34,2199,4,3,17,73,8,0,87,80,€20.5M
397,224309,Joan Jordan,23,Spain,SD Eibar,Right,1,4,3,6'0,163lbs,65,75,47,79,59,78,71,67,78,79,65,68,65,72,65,74,50,75,66,76,61,69,71,78,69,62,67,76,54,36,32,2260,4,4,18,57,10,0,83,78,€13.5M
398,224368,Moussa Doumbia,23,Mali,Stade de Reims,Right,1,2,3,5'7,141lbs,65,67,42,69,60,73,64,61,64,68,84,83,83,68,84,73,61,71,62,63,43,25,63,63,58,64,39,37,44,28,18,1054,3,2,15,30,5,0,77,71,€3.2M
399,224411,Goncalo Guedes,21,Portugal,Valencia CF,Right,1,3,4,5'10,150lbs,76,75,60,77,71,86,76,70,68,81,89,90,85,80,78,81,65,81,62,77,67,50,77,77,69,80,24,34,30,25,18,1290,5,3,14,35,2,0,86,82,€29M
400,224422,Jeremie Boga,21,Ivory Coast,Sassuolo,Right,1,3,3,5'9,159lbs,67,63,59,65,59,79,73,64,60,73,79,79,81,66,78,80,63,58,69,72,56,41,71,65,55,60,24,42,34,25,14,1233,3,1,8,28,0,0,81,71,€3.8M
401,224458,Diogo Jota,21,Portugal,Wolverhampton Wanderers,Right,2,4,4,5'10,161lbs,65,74,56,72,71,81,76,58,65,83,87,76,87,80,87,78,66,82,72,71,80,54,81,72,61,83,49,54,39,33,29,1653,9,5,25,58,11,0,86,78,€15.5M
402,224808,Marco Ferrari,26,Italy,Sassuolo,Left,1,3,2,6'2,181lbs,14,21,70,60,15,38,18,23,64,60,67,52,48,70,44,33,77,57,82,18,75,76,22,20,28,68,75,78,76,31,31,1980,4,0,8,20,9,0,79,75,€7M
403,224933,Kevin Lasagna,25,Italy,Udinese,Left,2,3,3,6'1,176lbs,60,78,72,66,74,76,66,42,50,79,89,88,81,76,72,72,76,69,69,66,40,30,80,58,66,74,26,20,18,36,26,1771,6,1,22,63,2,0,80,77,€11.5M
404,225018,Florin Andone,25,Romania,Brighton & Hove Albion,Right,2,3,3,5'11,172lbs,62,75,76,67,74,70,58,55,53,74,76,73,76,83,69,77,78,86,74,72,86,51,84,67,74,85,46,52,38,23,8,874,3,0,8,19,5,0,81,77,€11.5M
405,225085,Jonathan Bamba,22,France,LOSC Lille,Right,1,3,3,5'9,159lbs,64,71,55,68,68,80,70,52,63,74,86,85,80,63,78,77,71,73,56,69,62,32,69,67,70,64,28,37,38,38,35,2144,13,2,31,66,4,0,82,73,€6M
406,225309,Nadiem Amiri,21,Germany,TSG 1899 Hoffenheim,Right,1,3,4,5'11,161lbs,73,65,43,79,65,85,76,71,73,81,77,68,79,75,76,70,66,77,66,70,48,62,69,78,65,69,53,57,46,13,10,757,3,1,8,16,1,0,85,78,€14.5M
407,225663,Aleksandr Golovin,22,Russia,AS Monaco,Right,1,4,4,5'11,152lbs,69,72,38,80,70,86,75,79,73,82,80,83,82,79,78,76,63,85,54,75,81,70,73,78,52,80,67,75,66,30,27,1979,3,3,17,49,7,1,85,79,€17M
408,225713,Kevin Augustin,21,France,RB Leipzig,Right,1,3,4,5'10,152lbs,66,83,58,68,69,80,52,38,48,81,85,88,79,71,78,78,67,66,66,63,47,22,83,65,67,62,36,24,17,17,4,154,3,0,8,13,0,0,85,77,€13.5M
409,225855,Antonin Bobichon,22,France,Nîmes Olympique,Right,1,2,3,5'11,154lbs,64,65,55,72,68,71,74,76,65,68,73,75,66,64,69,75,58,66,63,73,62,57,59,68,67,64,54,57,48,30,24,1577,7,2,12,34,2,0,74,68,€1.2M
410,225951,Denis Bouanga,23,Gabon,Nîmes Olympique,Right,1,4,3,5'11,157lbs,71,74,53,73,70,75,71,69,65,71,79,78,74,63,61,75,65,67,68,71,56,11,71,64,48,68,37,24,19,35,29,2136,8,2,34,84,5,0,77,72,€4.2M
411,226110,Nicolas Pepe,23,Ivory Coast,LOSC Lille,Left,1,3,4,6'0,161lbs,68,72,44,66,60,81,77,65,49,78,90,87,90,78,75,77,68,76,56,70,43,25,75,69,62,73,28,20,19,38,37,2442,22,12,62,115,1,0,84,76,€11.5M
412,226127,Clement Depres,23,France,Nîmes Olympique,Right,1,3,3,6'3,183lbs,42,69,71,63,61,64,45,50,41,66,52,46,40,60,52,69,72,54,78,62,36,14,64,43,67,54,34,26,22,17,4,175,4,0,10,26,1,0,70,66,€850K
413,226168,Maximilian Eggestein,21,Germany,SV Werder Bremen,Right,1,4,3,5'11,165lbs,65,61,65,79,46,77,58,48,77,79,66,69,74,76,67,77,53,96,74,80,68,68,69,74,45,75,72,75,63,34,34,2333,5,5,14,45,4,0,84,78,€14M
414,226226,Giovani Celso,22,Argentina,Real Betis,Left,1,3,3,5'9,154lbs,75,73,59,81,69,81,82,72,80,82,72,75,81,77,81,79,64,80,67,75,65,65,78,81,60,79,61,67,67,32,27,2109,9,4,27,62,5,0,86,80,€20M
415,226271,Fabian Ruiz,22,Spain,Napoli,Left,1,4,4,6'2,154lbs,72,79,67,80,65,81,74,59,80,83,69,67,73,79,66,75,46,73,69,82,66,77,80,82,67,77,70,78,75,27,20,1795,5,4,14,50,2,0,89,81,€26M
416,226356,Mohamed Fares,22,Algeria,SPAL,Left,1,3,3,6'0,165lbs,70,59,58,66,58,75,69,48,60,75,69,68,76,70,60,68,51,69,67,62,68,66,65,55,64,65,65,67,68,35,32,2287,3,0,17,53,12,0,77,69,€1.5M
417,226789,Angelo Fulgini,21,France,Angers SCO,Right,1,4,3,6'0,157lbs,73,61,67,77,52,78,64,66,75,76,73,77,76,67,66,61,61,76,70,52,65,68,64,72,53,65,65,73,69,31,18,1285,4,1,12,29,1,0,82,74,€8.5M
418,227055,Gelson Martins,23,Portugal,Atlético Madrid,Right,3,3,5,5'8,159lbs,81,66,51,78,74,85,82,60,55,83,95,94,94,83,92,72,65,87,48,69,60,43,82,79,66,85,54,46,36,16,16,1393,4,2,17,31,1,0,87,82,€29.5M
419,227732,Anastasios Donis,21,Greece,VfB Stuttgart,Right,1,4,3,5'10,168lbs,45,74,61,68,63,79,47,41,50,78,89,85,78,73,77,70,69,74,63,66,61,20,70,50,69,61,22,18,24,26,13,958,5,2,15,35,4,0,83,73,€6.5M
420,227784,Alfred Finnbogason,23,Iceland,IF Brommapojkarna,Right,1,3,2,6'3,187lbs,26,62,67,48,54,53,44,26,40,59,63,67,52,48,48,66,67,68,76,41,56,32,60,48,63,56,32,19,19,18,17,1113,10,1,18,37,2,0,68,61,€350K
421,227796,Christian Pulisic,19,United States,Borussia Dortmund,Right,3,4,4,5'10,152lbs,69,67,46,77,70,87,69,58,56,82,93,88,87,79,89,79,84,74,52,58,45,32,73,78,61,67,38,30,41,20,9,577,4,4,11,27,2,0,87,79,€18M
422,228093,Marcus Thuram,20,France,En Avant de Guingamp,Right,1,3,3,6'4,194lbs,65,72,73,74,66,71,40,30,58,73,72,76,71,69,54,74,65,70,84,70,53,45,72,69,65,64,43,46,37,32,32,2001,9,1,23,60,4,2,80,72,€4.6M
423,228520,Ezequiel Avila,24,Argentina,SD Huesca,Left,1,4,3,5'8,179lbs,56,70,65,68,65,71,46,44,58,71,77,79,76,65,63,70,60,62,75,67,75,34,65,63,51,59,42,35,31,34,20,1542,10,2,29,86,10,0,77,70,€2.5M
424,228941,Andre Silva,22,Portugal,Sevilla FC,Right,2,3,4,6'1,174lbs,59,82,77,69,79,77,69,33,58,79,77,83,77,77,72,76,84,77,74,60,76,55,83,68,80,75,28,40,35,27,25,1366,9,0,26,61,4,0,87,79,€19M
425,229071,Karim Onisiwo,26,Austria,1. FSV Mainz 05,Right,1,3,2,6'2,187lbs,70,66,65,68,57,75,63,56,67,72,75,79,68,65,63,72,55,71,78,60,63,49,69,68,44,68,58,48,45,26,11,916,7,3,16,36,2,0,72,72,€3.3M
426,229167,Milot Rashica,22,Kosovo,SV Werder Bremen,Right,1,4,3,5'10,161lbs,76,69,50,68,68,80,71,61,64,77,93,86,90,70,77,79,41,75,57,72,67,26,68,70,45,72,53,29,36,26,19,1490,9,5,25,59,1,0,83,76,€11M
427,229261,Denis Zakaria,21,Switzerland,Borussia Mönchengladbach,Right,1,3,3,6'3,176lbs,64,56,65,82,28,73,60,46,79,79,74,86,67,73,63,69,65,79,83,51,88,77,63,76,39,73,81,78,81,31,21,1600,4,0,13,35,7,0,85,77,€13M
428,229582,Gianluca Mancini,22,Italy,Atalanta,Right,1,3,2,6'3,170lbs,34,32,72,53,40,41,38,34,40,53,52,52,37,60,57,51,68,53,76,34,76,71,32,39,47,55,72,75,72,30,25,1868,5,2,12,34,5,0,80,71,€3.2M
429,229624,Sergi Guardiola,27,Spain,Getafe CF,Left,1,3,3,6'2,170lbs,43,80,74,72,74,78,73,43,41,79,61,61,60,69,68,76,63,47,75,77,67,28,70,57,71,56,32,19,18,20,17,-,3,1,15,47,0,0,76,75,€8M
430,229668,Mario Hermoso,23,Spain,RCD Espanyol,Left,1,4,2,6'0,163lbs,71,29,72,67,37,61,65,55,63,72,78,88,78,70,71,61,86,77,77,32,76,76,64,52,45,68,72,79,78,32,31,1995,3,0,11,27,7,0,84,76,€10M
431,229758,Rade Krunic,24,Bosnia Herzegovina,Empoli,Right,1,3,3,6'0,163lbs,65,60,60,76,63,76,70,65,73,78,71,69,74,68,66,72,68,73,68,72,56,50,68,71,64,64,64,64,62,33,33,1992,5,6,18,51,7,1,78,73,€5.5M
432,229788,Ruben Alcaraz,27,Spain,Real Valladolid CF,Right,1,3,2,5'11,168lbs,57,64,52,75,52,62,74,73,74,67,57,53,59,73,55,80,60,75,72,72,74,73,70,72,70,70,65,76,64,34,34,2259,3,1,12,52,13,0,74,73,€4.5M
433,229906,Leon Bailey,20,Jamaica,Bayer 04 Leverkusen,Left,1,4,4,5'10,174lbs,77,75,57,75,75,86,77,73,66,82,94,90,86,80,84,79,86,76,59,77,58,21,80,77,71,75,45,27,18,29,21,1443,5,1,17,57,4,0,89,81,€26.5M
434,229927,Gerson,21,Brazil,Fiorentina,Left,1,2,3,6'0,159lbs,64,58,44,81,54,75,73,53,71,84,69,69,75,70,78,55,62,65,65,48,68,50,67,73,55,68,67,60,56,36,27,1809,3,3,8,39,8,0,81,73,€6M
435,230142,Mikel Oyarzabal,21,Spain,Real Sociedad,Left,1,3,3,5'11,172lbs,81,78,44,80,64,84,69,71,73,85,72,75,70,81,70,73,58,71,59,79,40,29,80,79,52,69,50,32,30,37,36,2395,13,2,27,61,2,0,87,80,€21M
436,230666,Gabriel Jesus,21,Brazil,Manchester City,Right,2,3,4,5'9,161lbs,66,84,74,76,72,86,76,54,66,85,87,85,92,86,91,78,77,84,68,73,73,32,88,77,78,82,53,23,19,29,8,724,7,3,24,43,1,0,92,83,€41M
437,230857,Nuno Da Costa,27,Cape Verde,RC Strasbourg Alsace,Right,1,3,3,6'0,154lbs,29,70,74,72,57,74,49,29,50,75,78,79,81,64,74,69,81,63,62,68,33,37,75,66,69,64,15,17,20,34,22,1278,8,5,19,43,3,0,73,72,€3.6M
438,230938,Franck Kessie,21,Ivory Coast,Milan,Right,2,4,3,6'0,168lbs,66,64,68,79,60,78,58,48,75,79,71,77,68,76,79,84,79,96,87,76,86,80,76,71,82,76,80,78,74,34,34,2319,7,1,15,50,8,0,88,79,€19.5M
439,231041,Casimir Ninga,25,Chad,Stade Malherbe Caen,Right,1,3,3,6'1,179lbs,66,70,63,62,75,70,65,53,55,67,90,90,70,71,59,79,78,84,77,72,69,24,70,59,72,67,21,25,23,33,28,1761,6,3,18,50,9,0,78,73,€5.5M
440,231236,Mathieu Cafaro,21,France,Stade de Reims,Right,1,3,3,5'8,143lbs,57,65,47,72,56,68,64,59,70,72,74,69,78,60,81,70,59,69,56,67,60,48,57,59,52,64,44,40,45,34,24,1701,7,3,25,69,5,0,79,68,€1.5M
441,231416,Dodi Lukebakio,20,Belgium,Fortuna Düsseldorf,Left,1,4,4,6'2,170lbs,68,69,26,67,63,78,67,66,63,74,79,88,77,71,70,75,69,66,67,70,33,26,69,64,55,72,31,21,23,31,22,1781,10,3,33,54,6,0,81,73,€6M
442,231443,Ousmane Dembele,21,France,FC Barcelona,Left,3,5,4,5'10,148lbs,78,78,43,78,76,90,78,64,70,83,93,92,90,82,85,83,59,73,46,70,54,36,79,84,75,75,42,30,33,29,20,1084,8,5,17,40,1,0,92,83,€40M
443,231478,Lautaro Martinez,20,Argentina,Inter,Right,1,4,4,5'9,174lbs,56,82,79,62,68,78,71,33,50,79,82,83,79,75,70,79,81,75,86,68,74,31,79,72,59,77,46,22,25,27,13,1163,6,2,18,62,4,0,86,79,€18M
444,231677,Marcus Rashford,20,England,Manchester United,Right,2,4,4,6'1,154lbs,75,78,71,75,72,83,77,78,65,80,90,93,88,79,77,87,68,79,71,77,70,42,81,74,74,73,32,40,33,33,26,2037,10,5,39,84,3,1,89,81,€27M
445,231747,Kylian Mbappe,19,France,Paris Saint-Germain,Right,3,4,5,5'10,161lbs,77,88,77,82,78,90,77,63,73,91,96,96,92,87,83,79,75,83,71,78,62,38,88,82,70,86,34,34,32,29,24,1848,33,6,68,121,5,1,95,88,€81M
446,231943,Richarlison,21,Brazil,Everton,Right,1,5,4,5'11,154lbs,69,79,75,75,64,84,71,65,59,79,83,85,78,78,74,80,80,78,76,64,82,35,78,72,69,77,46,44,36,35,32,2108,13,1,28,79,5,1,86,79,€18M
447,231949,Saman Ghoddos,24,Iran,Amiens SC,Right,1,3,3,5'10,174lbs,64,71,64,70,68,73,65,81,59,74,86,80,84,74,90,76,61,79,73,74,63,38,71,68,62,73,47,39,38,27,20,1222,4,4,18,42,4,0,79,74,€7.5M
448,232099,Marko Grujic,22,Serbia,Hertha BSC,Right,1,3,3,6'3,181lbs,60,69,69,73,61,69,60,51,73,74,57,65,55,75,52,75,67,73,75,64,77,71,67,67,57,78,69,72,71,22,20,1527,5,0,20,42,5,0,84,73,€6M
449,232432,Luka Jovic,20,Serbia,Eintracht Frankfurt,Right,1,5,3,6'0,192lbs,63,81,76,72,80,76,72,38,54,77,75,77,74,78,65,79,66,69,76,72,57,23,78,65,60,73,19,26,16,32,25,1950,17,5,43,93,1,0,86,78,€15.5M
450,233049,Jadon Sancho,18,England,Borussia Dortmund,Right,1,3,5,5'11,168lbs,68,70,38,74,65,86,75,48,54,85,88,86,90,76,87,64,49,66,52,48,39,26,68,75,57,64,30,33,36,34,26,2156,12,14,22,40,2,0,89,77,€14.5M
451,233265,Remi Oudin,21,France,Stade de Reims,Left,1,3,3,6'1,174lbs,75,71,68,65,58,69,77,76,48,72,68,72,71,64,55,72,72,57,73,65,42,17,64,71,66,60,24,21,15,37,32,2018,10,3,26,76,4,0,76,69,€1.5M
452,233556,Riccardo Orsolini,21,Italy,Bologna,Left,1,4,4,6'0,161lbs,76,58,52,76,68,79,76,66,60,80,79,77,78,64,68,76,50,64,66,68,44,40,62,68,56,74,52,26,24,35,19,1751,8,5,31,68,2,0,85,73,€7M
453,234128,Luiz Araujo,22,Brazil,LOSC Lille,Left,1,2,3,5'9,154lbs,66,62,54,71,56,78,70,56,65,76,88,90,87,77,80,68,56,66,43,58,55,31,66,69,60,68,29,44,48,25,6,618,3,2,7,22,2,1,83,74,€8.5M
454,234399,Johannes Eggestein,20,Germany,SV Werder Bremen,Right,1,4,3,6'0,165lbs,54,71,65,64,62,70,60,42,59,71,73,68,75,66,67,70,63,54,53,59,34,36,68,63,65,64,55,24,20,23,12,1093,4,1,12,34,0,0,81,67,€1.7M
455,234612,Jonathan Ikone,20,France,LOSC Lille,Left,1,4,3,5'9,161lbs,65,62,39,69,54,76,62,53,61,75,90,89,91,74,76,74,34,62,53,62,65,25,69,65,65,62,28,36,36,38,34,2212,3,9,18,51,3,0,84,73,€7M
456,234711,Josip Brekalo,20,Croatia,VfL Wolfsburg,Right,1,3,4,5'9,154lbs,74,63,45,73,62,84,67,60,59,79,86,79,86,76,82,70,63,66,49,65,38,30,68,69,59,68,43,28,37,25,15,824,3,3,13,26,2,0,84,76,€11.5M
457,234875,Lucas Holer,23,Germany,SC Freiburg,Right,1,3,3,6'0,176lbs,45,72,71,61,71,67,50,38,41,66,67,73,66,72,67,74,72,78,75,64,65,28,74,54,63,59,31,30,26,26,11,916,4,0,11,23,0,0,75,72,€4M
458,234906,Houssem Aouar,20,France,Olympique Lyonnais,Right,1,4,4,5'9,154lbs,68,72,54,84,68,84,78,59,78,82,79,79,81,78,81,61,61,79,61,67,69,66,73,84,63,82,64,64,63,37,35,2351,7,7,21,65,2,0,90,80,€23.5M
459,235353,Ismaila Sarr,20,Senegal,Stade Rennais FC,Right,1,1,4,6'1,168lbs,68,69,44,69,68,79,66,55,59,77,94,93,79,72,74,75,48,72,66,66,53,17,71,69,58,75,25,16,21,35,32,2082,8,5,25,54,6,0,87,76,€13.5M
460,235410,Youssef En-Nesyri,21,Morocco,CD Leganés,Left,1,4,3,6'4,172lbs,48,73,69,63,67,74,40,47,46,72,75,77,68,70,44,70,74,64,64,68,57,31,71,49,59,59,27,31,27,31,22,1859,9,2,25,74,7,0,78,72,€4.4M
461,235790,Kai Havertz,19,Germany,Bayer 04 Leverkusen,Left,1,5,4,6'2,183lbs,69,72,65,82,71,81,65,53,73,83,77,86,78,78,71,66,69,73,61,66,40,32,78,83,49,80,28,42,38,34,33,2205,17,4,44,85,2,0,89,80,€22M
462,235805,Federico Chiesa,20,Italy,Fiorentina,Right,2,4,4,5'9,154lbs,70,70,50,75,68,83,74,48,60,80,86,84,86,76,77,81,55,78,64,78,62,30,76,71,62,76,65,34,34,37,34,2274,6,2,47,135,4,0,87,78,€16M
463,235842,Andrea Pinamonti,19,Italy,Frosinone,Right,1,3,3,6'2,159lbs,40,69,65,53,51,63,43,43,36,67,54,53,64,59,64,65,65,48,66,60,37,16,63,45,65,56,15,19,19,27,17,1544,5,3,17,57,2,0,80,64,€975K
464,235866,Christian Kouame,20,Ivory Coast,Genoa,Right,1,3,3,6'1,154lbs,55,75,63,65,58,70,49,45,52,69,79,84,68,60,63,63,64,64,78,58,52,27,74,59,61,60,23,25,19,38,33,2470,4,5,27,83,4,0,85,71,€5M
465,235944,Brais Mendez,21,Spain,RC Celta,Left,1,3,4,6'2,172lbs,64,73,52,74,65,78,69,56,65,80,71,71,70,74,52,71,65,70,70,72,36,47,75,78,62,71,45,40,32,31,27,1990,6,7,28,66,5,0,84,75,€10.5M
466,236393,Marc Cardona,22,Spain,SD Eibar,Right,1,3,3,6'0,150lbs,57,71,65,62,64,70,60,52,50,70,78,78,70,65,59,72,64,59,63,65,33,24,70,58,56,65,28,17,12,17,6,534,3,1,8,16,1,0,79,70,€2.8M
467,236461,Philippe Mateta,21,France,1. FSV Mainz 05,Right,1,4,3,6'4,194lbs,39,74,76,64,63,71,53,32,41,67,74,86,63,65,46,70,75,73,85,64,67,24,72,58,65,61,24,26,22,34,29,1894,14,2,36,92,2,0,84,73,€7M
468,236610,Moise Kean,18,Italy,Juventus,Right,1,3,3,6'0,174lbs,42,75,65,59,64,73,62,43,38,74,75,79,75,68,69,71,68,69,73,58,45,21,72,51,65,68,27,28,16,13,5,537,6,0,10,19,2,0,87,72,€6.5M
469,236786,Martin Terrier,21,France,Olympique Lyonnais,Right,1,3,4,6'0,161lbs,67,75,54,75,63,74,65,44,69,74,80,82,74,73,66,73,66,66,66,67,51,27,75,76,60,74,34,31,34,32,16,1111,9,0,16,34,2,0,83,73,€6.5M
470,237034,Camilo Hernandez,19,Colombia,SD Huesca,Right,1,4,3,5'9,161lbs,58,78,69,67,54,72,43,68,59,65,88,83,71,74,72,73,72,74,76,74,40,23,75,61,70,59,44,33,37,34,25,1582,4,4,25,78,6,0,82,75,€9M
471,237239,Enis Bardhi,22,FYR Macedonia,Levante UD,Right,1,4,4,5'8,141lbs,78,78,52,79,76,79,89,91,76,81,76,66,76,77,81,85,50,71,49,84,54,65,74,76,78,80,65,67,58,36,31,2186,3,4,19,65,6,0,83,77,€12M
472,237631,Lebo Mothiba,22,South Africa,RC Strasbourg Alsace,Right,1,3,3,6'0,168lbs,60,75,70,68,65,68,54,51,53,74,72,72,61,68,68,69,67,69,74,64,55,24,74,64,63,75,32,15,12,35,21,-,10,2,20,37,0,0,81,72,€4.9M
473,237715,Patrick Cutrone,20,Italy,Milan,Right,1,3,3,6'0,172lbs,48,80,76,70,72,74,68,42,34,76,75,77,69,74,76,74,75,72,74,62,60,14,80,56,68,72,36,20,18,34,12,1358,3,2,14,33,2,0,89,77,€16M
474,238067,Nicolo Zaniolo,18,Italy,Roma,Left,1,3,3,6'3,174lbs,39,57,59,67,39,64,54,51,64,69,64,62,46,63,62,59,46,68,61,61,60,54,66,69,49,58,56,54,40,27,20,1747,4,2,18,48,8,0,84,66,€1.3M
475,238068,Marco Richter,20,Germany,FC Augsburg,Right,1,4,3,5'9,163lbs,59,68,58,64,60,75,57,37,53,70,79,78,76,69,77,75,66,65,65,61,41,18,66,59,56,50,21,19,16,25,17,1103,4,6,24,55,4,0,78,69,€1.6M
476,239207,Maxi Gomez,21,Uruguay,RC Celta,Right,1,3,3,6'1,185lbs,56,85,81,76,76,76,68,53,58,77,61,65,45,77,53,79,73,71,80,76,65,21,83,60,67,65,35,20,23,35,33,2243,13,4,28,77,4,0,85,80,€20.5M
477,239210,Felix Eboa Eboa,21,Cameroon,En Avant de Guingamp,Right,1,3,2,6'1,176lbs,45,39,76,68,31,49,45,39,58,62,68,66,59,67,67,57,74,67,73,45,59,70,38,38,48,69,71,75,72,27,27,1707,3,0,5,11,5,0,79,72,€3.8M
478,239335,Oscar,20,Spain,CD Leganés,Right,1,3,3,5'9,150lbs,56,69,42,71,42,75,78,82,68,74,68,66,67,68,77,59,59,47,50,71,43,60,66,65,53,68,47,37,43,31,29,2175,4,3,22,59,5,0,81,68,€1.7M
479,239747,Sergio Cordova,20,Venezuela,FC Augsburg,Right,1,2,3,6'2,192lbs,37,67,56,59,63,71,63,40,50,62,76,78,66,59,65,70,54,53,76,64,42,18,63,61,62,58,20,19,17,20,3,482,3,0,4,12,1,0,78,67,€1.3M
480,239776,Jonas Hofmann,22,Germany,SG Sonnenhof Großaspach,Right,1,3,2,5'10,159lbs,51,47,56,62,35,58,39,36,58,63,66,68,74,68,73,56,87,74,66,49,64,60,58,58,40,53,52,55,49,27,21,1286,5,5,10,33,2,0,70,62,€450K
481,240754,Youcef Atal,22,Algeria,OGC Nice,Right,1,5,4,5'9,154lbs,73,54,63,74,57,80,62,40,73,78,84,82,81,69,75,61,68,75,69,61,76,68,75,70,50,72,66,71,70,29,25,1769,6,0,15,33,8,0,82,73,€5.5M
482,241184,Junior Firpo,21,Spain,Real Betis,Left,1,3,3,6'0,165lbs,77,61,74,72,55,67,65,43,70,77,81,80,63,71,62,62,64,77,74,61,55,74,71,59,38,65,70,77,78,24,22,1245,3,4,8,19,7,0,81,76,€8.5M
483,241721,Rafael Leao,19,Portugal,LOSC Lille,Right,1,4,4,6'2,179lbs,62,70,56,64,65,73,72,58,52,71,87,85,75,72,50,71,64,70,77,59,59,21,73,66,63,76,25,24,21,24,16,1282,8,2,22,35,3,0,86,72,€6.5M
484,242348,Loren Moron,24,Spain,Real Betis,Right,1,3,3,6'2,181lbs,36,86,76,74,73,79,60,53,35,81,63,66,60,78,57,78,68,60,61,80,38,11,75,60,77,70,55,12,16,33,22,1419,6,0,27,56,3,0,83,78,€14M
485,243993,Enric Gallego,31,Spain,Extremadura UD,Left,1,3,3,6'2,192lbs,43,79,72,61,58,64,50,43,40,66,68,65,54,66,53,71,69,62,72,66,38,20,70,57,73,50,22,17,18,19,17,1541,5,1,15,32,4,0,71,71,€2.1M
486,244410,Anthony Goncalves,17,France,Toulouse Football Club,Left,1,2,2,5'10,146lbs,59,42,63,59,36,50,36,40,58,56,62,61,63,59,68,52,65,68,68,41,65,62,51,52,42,57,59,63,62,18,12,825,5,2,11,15,3,0,73,62,€400K
487,244749,Nayef Aguerd,22,Morocco,Dijon FCO,Left,1,3,2,6'2,168lbs,41,34,68,66,38,56,43,41,59,66,51,63,49,64,52,62,66,64,71,46,68,66,39,47,48,65,63,66,66,13,12,961,3,0,4,10,4,1,75,67,€975K
488,245733,Hendrik Weydandt,22,Germany,Hannover 96,Right,1,4,2,6'5,207lbs,30,70,70,49,67,57,36,33,34,55,55,66,47,61,35,68,67,59,90,48,63,24,63,45,50,49,23,36,28,28,18,1642,6,1,21,57,1,0,72,65,€775K
489,246172,Samuel Chukwueze,19,Nigeria,Villarreal CF,Left,1,3,3,5'8,154lbs,61,62,34,60,54,73,51,40,38,69,86,83,80,56,75,75,68,60,46,63,39,15,53,54,49,50,18,21,28,26,19,1295,5,3,23,57,2,0,81,65,€1.2M
490,246242,Boulaye Dia,21,France,Stade de Reims,Right,1,3,2,5'11,165lbs,36,64,65,54,51,53,46,42,40,58,54,58,52,56,53,66,64,54,59,60,32,22,58,45,62,48,28,17,14,18,8,740,3,0,10,21,2,0,70,61,€400K
